2026-03-13T05:11:52.556Z [agent/embedded] embedded run agent end: runId=96c4c17d-9c4f-4e72-ae44-f9fafe06bd9c isError=true error=⚠️ API rate limit reached. Please try again later.
2026-03-13T05:11:57.637Z [agent/embedded] embedded run agent end: runId=96c4c17d-9c4f-4e72-ae44-f9fafe06bd9c isError=true error=⚠️ API rate limit reached. Please try again later.
2026-03-13T13:46:43.092+08:00 (node:27100) MaxListenersExceededWarning: Possible EventTarget memory leak detected. 11 abort listeners added to [AbortSignal]. MaxListeners is 10. Use events.setMaxListeners() to increase limit
(Use `node --trace-warnings ...` to show where the warning was created)
2026-03-13T05:46:45.252Z [agent/embedded] embedded run agent end: runId=b8f337ab-e830-447a-ae3e-753354569b69 isError=true error=⚠️ API rate limit reached. Please try again later.
2026-03-13T05:46:50.288Z [agent/embedded] embedded run agent end: runId=b8f337ab-e830-447a-ae3e-753354569b69 isError=true error=⚠️ API rate limit reached. Please try again later.
2026-03-13T05:46:59.185Z [agent/embedded] embedded run agent end: runId=b8f337ab-e830-447a-ae3e-753354569b69 isError=true error=⚠️ API rate limit reached. Please try again later.
2026-03-13T05:47:12.078Z [agent/embedded] embedded run agent end: runId=b8f337ab-e830-447a-ae3e-753354569b69 isError=true error=⚠️ API rate limit reached. Please try again later.
2026-03-13T05:47:12.118Z [diagnostic] lane task error: lane=main durationMs=158441 error="FailoverError: ⚠️ API rate limit reached. Please try again later."
2026-03-13T05:47:12.122Z [diagnostic] lane task error: lane=session:agent:oc_981e24884af3ed7ed6c16c5730c9bd02:main durationMs=158456 error="FailoverError: ⚠️ API rate limit reached. Please try again later."
2026-03-13T05:47:14.143Z [agent/embedded] embedded run agent end: runId=b8f337ab-e830-447a-ae3e-753354569b69 isError=true error=HTTP 401: User not found.
2026-03-13T05:47:14.178Z [diagnostic] lane task error: lane=main durationMs=2036 error="FailoverError: HTTP 401: User not found."
2026-03-13T05:47:14.184Z [diagnostic] lane task error: lane=session:agent:oc_981e24884af3ed7ed6c16c5730c9bd02:main durationMs=2048 error="FailoverError: HTTP 401: User not found."
2026-03-13T13:47:14.186+08:00 Embedded agent failed before reply: All models failed (2): siliconflow/Qwen/Qwen3-30B-A3B-Instruct-2507: ⚠️ API rate limit reached. Please try again later. (rate_limit) | openrouter/stepfun/step-3.5-flash:free: HTTP 401: User not found. (auth)
2026-03-13T13:47:36.257+08:00 Rerank API timed out (5s), falling back to cosine
2026-03-13T05:47:45.339Z [compaction-safeguard] Compaction safeguard: cancelling compaction with no real conversation messages to summarize.
2026-03-13T05:50:13.746Z [compaction-safeguard] Compaction safeguard: cancelling compaction with no real conversation messages to summarize.
2026-03-13T05:50:53.717Z [agent/embedded] embedded run agent end: runId=154ed2e2-2094-4361-89a0-d7ad033e5d2c isError=true error=⚠️ API rate limit reached. Please try again later.
2026-03-13T05:50:59.106Z [agent/embedded] embedded run agent end: runId=154ed2e2-2094-4361-89a0-d7ad033e5d2c isError=true error=⚠️ API rate limit reached. Please try again later.
2026-03-13T05:51:07.927Z [agent/embedded] embedded run agent end: runId=154ed2e2-2094-4361-89a0-d7ad033e5d2c isError=true error=⚠️ API rate limit reached. Please try again later.
2026-03-13T05:51:20.789Z [agent/embedded] embedded run agent end: runId=154ed2e2-2094-4361-89a0-d7ad033e5d2c isError=true error=⚠️ API rate limit reached. Please try again later.
2026-03-13T05:51:20.813Z [diagnostic] lane task error: lane=main durationMs=68450 error="FailoverError: ⚠️ API rate limit reached. Please try again later."
2026-03-13T05:51:20.817Z [diagnostic] lane task error: lane=session:agent:oc_981e24884af3ed7ed6c16c5730c9bd02:main durationMs=68461 error="FailoverError: ⚠️ API rate limit reached. Please try again later."
2026-03-13T05:51:23.504Z [agent/embedded] embedded run agent end: runId=154ed2e2-2094-4361-89a0-d7ad033e5d2c isError=true error=HTTP 401: User not found.
2026-03-13T05:51:23.525Z [diagnostic] lane task error: lane=main durationMs=2687 error="FailoverError: HTTP 401: User not found."
2026-03-13T05:51:23.527Z [diagnostic] lane task error: lane=session:agent:oc_981e24884af3ed7ed6c16c5730c9bd02:main durationMs=2699 error="FailoverError: HTTP 401: User not found."
2026-03-13T05:51:29.651Z [agent/embedded] embedded run agent end: runId=fee0872c-91ad-4da5-9ccb-9711a1effdc4 isError=true error=⚠️ API rate limit reached. Please try again later.
2026-03-13T05:51:35.054Z [agent/embedded] embedded run agent end: runId=fee0872c-91ad-4da5-9ccb-9711a1effdc4 isError=true error=⚠️ API rate limit reached. Please try again later.
2026-03-13T05:51:44.175Z [agent/embedded] embedded run agent end: runId=fee0872c-91ad-4da5-9ccb-9711a1effdc4 isError=true error=⚠️ API rate limit reached. Please try again later.
2026-03-13T05:51:56.990Z [agent/embedded] embedded run agent end: runId=fee0872c-91ad-4da5-9ccb-9711a1effdc4 isError=true error=⚠️ API rate limit reached. Please try again later.
2026-03-13T05:51:57.011Z [diagnostic] lane task error: lane=main durationMs=33469 error="FailoverError: ⚠️ API rate limit reached. Please try again later."
2026-03-13T05:51:57.013Z [diagnostic] lane task error: lane=session:agent:oc_981e24884af3ed7ed6c16c5730c9bd02:main durationMs=33479 error="FailoverError: ⚠️ API rate limit reached. Please try again later."
2026-03-13T05:51:59.454Z [agent/embedded] embedded run agent end: runId=fee0872c-91ad-4da5-9ccb-9711a1effdc4 isError=true error=HTTP 401: User not found.
2026-03-13T05:51:59.468Z [diagnostic] lane task error: lane=main durationMs=2438 error="FailoverError: HTTP 401: User not found."
2026-03-13T05:51:59.470Z [diagnostic] lane task error: lane=session:agent:oc_981e24884af3ed7ed6c16c5730c9bd02:main durationMs=2448 error="FailoverError: HTTP 401: User not found."
2026-03-13T13:51:59.472+08:00 Embedded agent failed before reply: All models failed (2): siliconflow/Qwen/Qwen3-30B-A3B-Instruct-2507: ⚠️ API rate limit reached. Please try again later. (rate_limit) | openrouter/stepfun/step-3.5-flash:free: HTTP 401: User not found. (auth)
2026-03-13T05:52:02.804Z [agent/embedded] embedded run agent end: runId=5fbaf228-8b70-4fc4-95ae-a6d02d3b24fc isError=true error=⚠️ API rate limit reached. Please try again later.
2026-03-13T05:52:08.181Z [agent/embedded] embedded run agent end: runId=5fbaf228-8b70-4fc4-95ae-a6d02d3b24fc isError=true error=⚠️ API rate limit reached. Please try again later.
2026-03-13T05:53:01.599Z [agent/embedded] embedded run agent end: runId=bc65748d-6800-44c4-9952-e639c3061da7 isError=true error=⚠️ API rate limit reached. Please try again later.
2026-03-13T05:53:15.198Z [agent/embedded] embedded run agent end: runId=03b167e1-0b62-4b76-8ded-3280f5cb159c isError=true error=⚠️ API rate limit reached. Please try again later.
2026-03-13T05:53:20.424Z [agent/embedded] embedded run agent end: runId=03b167e1-0b62-4b76-8ded-3280f5cb159c isError=true error=⚠️ API rate limit reached. Please try again later.
2026-03-13T05:53:29.292Z [agent/embedded] embedded run agent end: runId=03b167e1-0b62-4b76-8ded-3280f5cb159c isError=true error=⚠️ API rate limit reached. Please try again later.
2026-03-13T05:53:42.100Z [agent/embedded] embedded run agent end: runId=03b167e1-0b62-4b76-8ded-3280f5cb159c isError=true error=⚠️ API rate limit reached. Please try again later.
2026-03-13T05:53:42.119Z [diagnostic] lane task error: lane=main durationMs=31410 error="FailoverError: ⚠️ API rate limit reached. Please try again later."
2026-03-13T05:53:42.122Z [diagnostic] lane task error: lane=session:agent:oc_981e24884af3ed7ed6c16c5730c9bd02:main durationMs=31420 error="FailoverError: ⚠️ API rate limit reached. Please try again later."
2026-03-13T05:53:43.689Z [agent/embedded] embedded run agent end: runId=03b167e1-0b62-4b76-8ded-3280f5cb159c isError=true error=HTTP 401: User not found.
2026-03-13T05:53:43.710Z [diagnostic] lane task error: lane=main durationMs=1567 error="FailoverError: HTTP 401: User not found."
2026-03-13T05:53:43.714Z [diagnostic] lane task error: lane=session:agent:oc_981e24884af3ed7ed6c16c5730c9bd02:main durationMs=1577 error="FailoverError: HTTP 401: User not found."
2026-03-13T13:53:43.717+08:00 Embedded agent failed before reply: All models failed (2): siliconflow/Qwen/Qwen3-30B-A3B-Instruct-2507: ⚠️ API rate limit reached. Please try again later. (rate_limit) | openrouter/stepfun/step-3.5-flash:free: HTTP 401: User not found. (auth)
2026-03-13T06:07:00.346Z [agent/embedded] embedded run agent end: runId=50ab4ed2-d481-48a8-90ed-eddc85c28e0d isError=true error=⚠️ API rate limit reached. Please try again later.
2026-03-13T06:07:05.664Z [agent/embedded] embedded run agent end: runId=50ab4ed2-d481-48a8-90ed-eddc85c28e0d isError=true error=⚠️ API rate limit reached. Please try again later.
2026-03-13T06:07:14.418Z [agent/embedded] embedded run agent end: runId=50ab4ed2-d481-48a8-90ed-eddc85c28e0d isError=true error=⚠️ API rate limit reached. Please try again later.
2026-03-13T06:07:27.301Z [agent/embedded] embedded run agent end: runId=50ab4ed2-d481-48a8-90ed-eddc85c28e0d isError=true error=⚠️ API rate limit reached. Please try again later.
2026-03-13T06:07:27.324Z [diagnostic] lane task error: lane=main durationMs=93889 error="FailoverError: ⚠️ API rate limit reached. Please try again later."
2026-03-13T06:07:27.328Z [diagnostic] lane task error: lane=session:agent:oc_981e24884af3ed7ed6c16c5730c9bd02:main durationMs=93899 error="FailoverError: ⚠️ API rate limit reached. Please try again later."
2026-03-13T06:07:28.810Z [agent/embedded] embedded run agent end: runId=50ab4ed2-d481-48a8-90ed-eddc85c28e0d isError=true error=HTTP 401: User not found.
2026-03-13T06:07:28.839Z [diagnostic] lane task error: lane=main durationMs=1496 error="FailoverError: HTTP 401: User not found."
2026-03-13T06:07:28.842Z [diagnostic] lane task error: lane=session:agent:oc_981e24884af3ed7ed6c16c5730c9bd02:main durationMs=1503 error="FailoverError: HTTP 401: User not found."
2026-03-13T14:07:28.852+08:00 Embedded agent failed before reply: All models failed (2): siliconflow/Qwen/Qwen3-30B-A3B-Instruct-2507: ⚠️ API rate limit reached. Please try again later. (rate_limit) | openrouter/stepfun/step-3.5-flash:free: HTTP 401: User not found. (auth)
2026-03-13T06:07:51.194Z [agent/embedded] embedded run agent end: runId=9a54ea65-ce46-4bf3-83be-b9cff3bd8792 isError=true error=⚠️ API rate limit reached. Please try again later.
2026-03-13T06:07:56.375Z [agent/embedded] embedded run agent end: runId=9a54ea65-ce46-4bf3-83be-b9cff3bd8792 isError=true error=⚠️ API rate limit reached. Please try again later.
2026-03-13T06:08:05.318Z [agent/embedded] embedded run agent end: runId=9a54ea65-ce46-4bf3-83be-b9cff3bd8792 isError=true error=⚠️ API rate limit reached. Please try again later.
2026-03-13T06:08:18.186Z [agent/embedded] embedded run agent end: runId=9a54ea65-ce46-4bf3-83be-b9cff3bd8792 isError=true error=⚠️ API rate limit reached. Please try again later.
2026-03-13T06:08:18.206Z [diagnostic] lane task error: lane=main durationMs=48720 error="FailoverError: ⚠️ API rate limit reached. Please try again later."
2026-03-13T06:08:18.209Z [diagnostic] lane task error: lane=session:agent:oc_981e24884af3ed7ed6c16c5730c9bd02:main durationMs=48730 error="FailoverError: ⚠️ API rate limit reached. Please try again later."
2026-03-13T06:08:20.796Z [agent/embedded] embedded run agent end: runId=9a54ea65-ce46-4bf3-83be-b9cff3bd8792 isError=true error=HTTP 401: User not found.
2026-03-13T06:08:20.892Z [diagnostic] lane task error: lane=main durationMs=2662 error="FailoverError: HTTP 401: User not found."
2026-03-13T06:08:20.899Z [diagnostic] lane task error: lane=session:agent:oc_981e24884af3ed7ed6c16c5730c9bd02:main durationMs=2679 error="FailoverError: HTTP 401: User not found."
2026-03-13T14:08:20.911+08:00 Embedded agent failed before reply: All models failed (2): siliconflow/Qwen/Qwen3-30B-A3B-Instruct-2507: ⚠️ API rate limit reached. Please try again later. (rate_limit) | openrouter/stepfun/step-3.5-flash:free: HTTP 401: User not found. (auth)
2026-03-13T06:08:31.915Z [agent/embedded] embedded run agent end: runId=62573dcd-09ce-441e-ad87-522ec97119f4 isError=true error=⚠️ API rate limit reached. Please try again later.
2026-03-13T06:08:37.396Z [agent/embedded] embedded run agent end: runId=62573dcd-09ce-441e-ad87-522ec97119f4 isError=true error=⚠️ API rate limit reached. Please try again later.
2026-03-13T06:08:46.215Z [agent/embedded] embedded run agent end: runId=62573dcd-09ce-441e-ad87-522ec97119f4 isError=true error=⚠️ API rate limit reached. Please try again later.
2026-03-13T06:08:58.967Z [agent/embedded] embedded run agent end: runId=62573dcd-09ce-441e-ad87-522ec97119f4 isError=true error=⚠️ API rate limit reached. Please try again later.
2026-03-13T06:08:58.997Z [diagnostic] lane task error: lane=main durationMs=37442 error="FailoverError: ⚠️ API rate limit reached. Please try again later."
2026-03-13T06:08:59.000Z [diagnostic] lane task error: lane=session:agent:oc_981e24884af3ed7ed6c16c5730c9bd02:main durationMs=37453 error="FailoverError: ⚠️ API rate limit reached. Please try again later."
2026-03-13T06:09:01.564Z [agent/embedded] embedded run agent end: runId=62573dcd-09ce-441e-ad87-522ec97119f4 isError=true error=HTTP 401: User not found.
2026-03-13T06:09:01.628Z [diagnostic] lane task error: lane=main durationMs=2604 error="FailoverError: HTTP 401: User not found."
2026-03-13T06:09:01.635Z [diagnostic] lane task error: lane=session:agent:oc_981e24884af3ed7ed6c16c5730c9bd02:main durationMs=2622 error="FailoverError: HTTP 401: User not found."
2026-03-13T14:09:01.645+08:00 Embedded agent failed before reply: All models failed (2): siliconflow/Qwen/Qwen3-30B-A3B-Instruct-2507: ⚠️ API rate limit reached. Please try again later. (rate_limit) | openrouter/stepfun/step-3.5-flash:free: HTTP 401: User not found. (auth)
2026-03-13T06:09:05.496Z [agent/embedded] embedded run agent end: runId=2d42a6bb-1664-4a6f-953c-181787e5f821 isError=true error=⚠️ API rate limit reached. Please try again later.
2026-03-13T06:09:10.778Z [agent/embedded] embedded run agent end: runId=2d42a6bb-1664-4a6f-953c-181787e5f821 isError=true error=⚠️ API rate limit reached. Please try again later.
2026-03-13T06:09:19.486Z [agent/embedded] embedded run agent end: runId=2d42a6bb-1664-4a6f-953c-181787e5f821 isError=true error=⚠️ API rate limit reached. Please try again later.
2026-03-13T06:09:35.975Z [compaction-safeguard] Compaction safeguard: cancelling compaction with no real conversation messages to summarize.
2026-03-13T06:09:35.982Z [diagnostic] lane task error: lane=main durationMs=34313 error="FailoverError: HTTP 401: User not found."
2026-03-13T06:09:35.985Z [diagnostic] lane task error: lane=session:agent:oc_981e24884af3ed7ed6c16c5730c9bd02:main durationMs=34329 error="FailoverError: HTTP 401: User not found."
2026-03-13T06:09:38.038Z [agent/embedded] embedded run agent end: runId=2d42a6bb-1664-4a6f-953c-181787e5f821 isError=true error=HTTP 401: User not found.
2026-03-13T06:09:38.055Z [diagnostic] lane task error: lane=main durationMs=2057 error="FailoverError: HTTP 401: User not found."
2026-03-13T06:09:38.058Z [diagnostic] lane task error: lane=session:agent:oc_981e24884af3ed7ed6c16c5730c9bd02:main durationMs=2064 error="FailoverError: HTTP 401: User not found."
2026-03-13T14:09:38.062+08:00 Followup agent failed before reply: All models failed (2): siliconflow/Qwen/Qwen3-30B-A3B-Instruct-2507: HTTP 401: User not found. (auth) | openrouter/stepfun/step-3.5-flash:free: HTTP 401: User not found. (auth)
2026-03-13T09:37:08.934Z [agent/embedded] embedded run agent end: runId=21018348-ee91-48fd-9474-9426e7670afa isError=true error=⚠️ API rate limit reached. Please try again later.
2026-03-13T10:12:43.212Z [agent/embedded] embedded run agent end: runId=a4722409-3158-493d-b449-58d868f85965 isError=true error=⚠️ API rate limit reached. Please try again later.
2026-03-13T10:12:48.841Z [agent/embedded] embedded run agent end: runId=a4722409-3158-493d-b449-58d868f85965 isError=true error=⚠️ API rate limit reached. Please try again later.
2026-03-13T10:12:57.785Z [agent/embedded] embedded run agent end: runId=a4722409-3158-493d-b449-58d868f85965 isError=true error=⚠️ API rate limit reached. Please try again later.
2026-03-13T10:17:22.627Z [agent/embedded] embedded run agent end: runId=e0900b45-11e2-4251-8a46-934ead2a5838 isError=true error=⚠️ API rate limit reached. Please try again later.
2026-03-13T10:17:28.147Z [agent/embedded] embedded run agent end: runId=e0900b45-11e2-4251-8a46-934ead2a5838 isError=true error=⚠️ API rate limit reached. Please try again later.
2026-03-13T10:17:37.531Z [agent/embedded] embedded run agent end: runId=e0900b45-11e2-4251-8a46-934ead2a5838 isError=true error=⚠️ API rate limit reached. Please try again later.
2026-03-13T10:18:05.536Z [ws] unauthorized conn=908ee29c-5021-4c62-a963-3a021df17fbe remote=127.0.0.1 client=ACP cli vacp reason=token_mismatch
2026-03-13T10:18:05.581Z [ws] closed before connect conn=908ee29c-5021-4c62-a963-3a021df17fbe remote=127.0.0.1 fwd=n/a origin=n/a host=127.0.0.1:18789 ua=n/a code=1008 reason=connect failed
2026-03-13T10:21:17.129Z [ws] unauthorized conn=932c3b8d-4f5e-47b7-92d3-b44eab45b0b1 remote=127.0.0.1 client=ACP cli vacp reason=token_mismatch
2026-03-13T10:21:17.165Z [ws] closed before connect conn=932c3b8d-4f5e-47b7-92d3-b44eab45b0b1 remote=127.0.0.1 fwd=n/a origin=n/a host=127.0.0.1:18789 ua=n/a code=1008 reason=connect failed
2026-03-13T10:21:30.948Z [ws] unauthorized conn=579263a4-29ba-4dd2-8df5-76500dee498e remote=127.0.0.1 client=cli cli vdev reason=token_mismatch
2026-03-13T10:21:30.979Z [ws] closed before connect conn=579263a4-29ba-4dd2-8df5-76500dee498e remote=127.0.0.1 fwd=n/a origin=n/a host=127.0.0.1:18789 ua=n/a code=1008 reason=connect failed
2026-03-13T10:21:36.555Z [agent/embedded] embedded run agent end: runId=e62f5f77-21ee-442c-b81a-c1adbb9c90a1 isError=true error=⚠️ API rate limit reached. Please try again later.
2026-03-13T10:21:42.081Z [agent/embedded] embedded run agent end: runId=e62f5f77-21ee-442c-b81a-c1adbb9c90a1 isError=true error=⚠️ API rate limit reached. Please try again later.
2026-03-13T10:21:51.474Z [agent/embedded] embedded run agent end: runId=e62f5f77-21ee-442c-b81a-c1adbb9c90a1 isError=true error=⚠️ API rate limit reached. Please try again later.
2026-03-13T10:22:04.665Z [agent/embedded] embedded run agent end: runId=e62f5f77-21ee-442c-b81a-c1adbb9c90a1 isError=true error=⚠️ API rate limit reached. Please try again later.
2026-03-13T10:22:04.684Z [diagnostic] lane task error: lane=main durationMs=67934 error="FailoverError: ⚠️ API rate limit reached. Please try again later."
2026-03-13T10:22:04.687Z [diagnostic] lane task error: lane=session:agent:oc_981e24884af3ed7ed6c16c5730c9bd02:main durationMs=67946 error="FailoverError: ⚠️ API rate limit reached. Please try again later."
2026-03-13T10:22:07.410Z [agent/embedded] embedded run agent end: runId=e62f5f77-21ee-442c-b81a-c1adbb9c90a1 isError=true error=HTTP 401: User not found.
2026-03-13T10:22:07.436Z [diagnostic] lane task error: lane=main durationMs=2731 error="FailoverError: HTTP 401: User not found."
2026-03-13T10:22:07.440Z [diagnostic] lane task error: lane=session:agent:oc_981e24884af3ed7ed6c16c5730c9bd02:main durationMs=2740 error="FailoverError: HTTP 401: User not found."
2026-03-13T18:22:07.444+08:00 Embedded agent failed before reply: All models failed (2): siliconflow/Qwen/Qwen3-30B-A3B-Instruct-2507: ⚠️ API rate limit reached. Please try again later. (rate_limit) | openrouter/stepfun/step-3.5-flash:free: HTTP 401: User not found. (auth)
2026-03-13T10:26:54.877Z [ws] unauthorized conn=270591d3-567c-4f89-a8fc-65aef6976296 remote=127.0.0.1 client=cli cli vdev reason=token_mismatch
2026-03-13T10:26:54.909Z [ws] closed before connect conn=270591d3-567c-4f89-a8fc-65aef6976296 remote=127.0.0.1 fwd=n/a origin=n/a host=127.0.0.1:18789 ua=n/a code=1008 reason=connect failed
2026-03-13T18:27:06.382+08:00 [warn]: [ 'no im.chat.access_event.bot_p2p_chat_entered_v1 handle' ]
2026-03-13T10:27:27.915Z [agent/embedded] embedded run agent end: runId=a152d05c-caa1-4bb3-be86-274b64a85a56 isError=true error=⚠️ API rate limit reached. Please try again later.
2026-03-13T10:27:33.689Z [agent/embedded] embedded run agent end: runId=a152d05c-caa1-4bb3-be86-274b64a85a56 isError=true error=⚠️ API rate limit reached. Please try again later.
2026-03-13T10:27:42.865Z [agent/embedded] embedded run agent end: runId=a152d05c-caa1-4bb3-be86-274b64a85a56 isError=true error=⚠️ API rate limit reached. Please try again later.
2026-03-13T10:27:56.114Z [agent/embedded] embedded run agent end: runId=a152d05c-caa1-4bb3-be86-274b64a85a56 isError=true error=⚠️ API rate limit reached. Please try again later.
2026-03-13T10:27:56.156Z [diagnostic] lane task error: lane=main durationMs=90944 error="FailoverError: ⚠️ API rate limit reached. Please try again later."
2026-03-13T10:27:56.158Z [diagnostic] lane task error: lane=session:agent:oc_981e24884af3ed7ed6c16c5730c9bd02:main durationMs=90956 error="FailoverError: ⚠️ API rate limit reached. Please try again later."
2026-03-13T10:27:57.933Z [agent/embedded] embedded run agent end: runId=a152d05c-caa1-4bb3-be86-274b64a85a56 isError=true error=HTTP 401: User not found.
2026-03-13T10:27:57.955Z [diagnostic] lane task error: lane=main durationMs=1773 error="FailoverError: HTTP 401: User not found."
2026-03-13T10:27:57.957Z [diagnostic] lane task error: lane=session:agent:oc_981e24884af3ed7ed6c16c5730c9bd02:main durationMs=1784 error="FailoverError: HTTP 401: User not found."
2026-03-13T18:27:57.960+08:00 Embedded agent failed before reply: All models failed (2): siliconflow/Qwen/Qwen3-30B-A3B-Instruct-2507: ⚠️ API rate limit reached. Please try again later. (rate_limit) | openrouter/stepfun/step-3.5-flash:free: HTTP 401: User not found. (auth)
2026-03-13T10:28:03.838Z [agent/embedded] embedded run agent end: runId=37d62cf3-e049-4e2a-b79d-6ef39be22f37 isError=true error=⚠️ API rate limit reached. Please try again later.
2026-03-13T10:28:09.972Z [agent/embedded] embedded run agent end: runId=37d62cf3-e049-4e2a-b79d-6ef39be22f37 isError=true error=⚠️ API rate limit reached. Please try again later.
2026-03-13T10:28:19.434Z [agent/embedded] embedded run agent end: runId=37d62cf3-e049-4e2a-b79d-6ef39be22f37 isError=true error=⚠️ API rate limit reached. Please try again later.
2026-03-13T11:25:58.719Z [ws] unauthorized conn=c0b2f240-b5c5-4149-a445-3f13ed79ba07 remote=127.0.0.1 client=ACP cli vacp reason=token_mismatch
2026-03-13T11:25:58.750Z [ws] closed before connect conn=c0b2f240-b5c5-4149-a445-3f13ed79ba07 remote=127.0.0.1 fwd=n/a origin=n/a host=127.0.0.1:18789 ua=n/a code=1008 reason=connect failed
2026-03-13T11:26:05.051Z [agent/embedded] embedded run agent end: runId=f3fc4f05-fcea-4349-b4f8-c99b461858b4 isError=true error=⚠️ API rate limit reached. Please try again later.
2026-03-13T11:26:10.928Z [agent/embedded] embedded run agent end: runId=f3fc4f05-fcea-4349-b4f8-c99b461858b4 isError=true error=⚠️ API rate limit reached. Please try again later.
2026-03-13T11:26:37.640Z [ws] unauthorized conn=230b32c1-5776-4d20-a28e-8c3202ddbcd6 remote=127.0.0.1 client=ACP cli vacp reason=token_mismatch
2026-03-13T11:26:37.671Z [ws] closed before connect conn=230b32c1-5776-4d20-a28e-8c3202ddbcd6 remote=127.0.0.1 fwd=n/a origin=n/a host=127.0.0.1:18789 ua=n/a code=1008 reason=connect failed
2026-03-13T11:39:44.134Z [ws] unauthorized conn=83fcc097-fa83-4699-8682-1497086dfdc0 remote=127.0.0.1 client=cli probe vdev reason=token_mismatch
2026-03-13T11:39:44.147Z [ws] closed before connect conn=83fcc097-fa83-4699-8682-1497086dfdc0 remote=127.0.0.1 fwd=n/a origin=n/a host=127.0.0.1:18789 ua=n/a code=1008 reason=connect failed
2026-03-13T11:39:45.185Z [ws] unauthorized conn=62ee3d70-e0de-4b84-9bfd-ae995a6b439b remote=127.0.0.1 client=cli probe vdev reason=token_mismatch
2026-03-13T11:39:45.204Z [ws] closed before connect conn=62ee3d70-e0de-4b84-9bfd-ae995a6b439b remote=127.0.0.1 fwd=n/a origin=n/a host=127.0.0.1:18789 ua=n/a code=1008 reason=connect failed
2026-03-13T11:40:11.778Z [ws] unauthorized conn=5d94e37b-681b-4656-9f6d-e821188cf210 remote=127.0.0.1 client=ACP cli vacp reason=token_mismatch
2026-03-13T11:40:11.817Z [ws] closed before connect conn=5d94e37b-681b-4656-9f6d-e821188cf210 remote=127.0.0.1 fwd=n/a origin=n/a host=127.0.0.1:18789 ua=n/a code=1008 reason=connect failed
2026-03-13T11:40:22.137Z [agent/embedded] embedded run agent end: runId=408916da-0bc9-4d4d-810b-332b830b435f isError=true error=⚠️ API rate limit reached. Please try again later.
2026-03-13T11:40:27.488Z [agent/embedded] embedded run agent end: runId=408916da-0bc9-4d4d-810b-332b830b435f isError=true error=⚠️ API rate limit reached. Please try again later.
2026-03-13T11:40:36.399Z [agent/embedded] embedded run agent end: runId=408916da-0bc9-4d4d-810b-332b830b435f isError=true error=⚠️ API rate limit reached. Please try again later.
2026-03-13T11:40:49.211Z [agent/embedded] embedded run agent end: runId=408916da-0bc9-4d4d-810b-332b830b435f isError=true error=⚠️ API rate limit reached. Please try again later.
2026-03-13T11:40:49.292Z [diagnostic] lane task error: lane=main durationMs=101591 error="FailoverError: ⚠️ API rate limit reached. Please try again later."
2026-03-13T11:40:49.308Z [diagnostic] lane task error: lane=session:agent:oc_981e24884af3ed7ed6c16c5730c9bd02:main durationMs=101603 error="FailoverError: ⚠️ API rate limit reached. Please try again later."
2026-03-13T11:40:52.066Z [agent/embedded] embedded run agent end: runId=408916da-0bc9-4d4d-810b-332b830b435f isError=true error=HTTP 401: User not found.
2026-03-13T11:40:52.083Z [diagnostic] lane task error: lane=main durationMs=2752 error="FailoverError: HTTP 401: User not found."
2026-03-13T11:40:52.086Z [diagnostic] lane task error: lane=session:agent:oc_981e24884af3ed7ed6c16c5730c9bd02:main durationMs=2761 error="FailoverError: HTTP 401: User not found."
2026-03-13T19:40:52.088+08:00 Embedded agent failed before reply: All models failed (2): siliconflow/Qwen/Qwen3-30B-A3B-Instruct-2507: ⚠️ API rate limit reached. Please try again later. (rate_limit) | openrouter/stepfun/step-3.5-flash:free: HTTP 401: User not found. (auth)
2026-03-13T11:43:20.295Z [agent/embedded] embedded run agent end: runId=acc5c062-4357-4a8d-9365-d21a3dd3e48e isError=true error=⚠️ API rate limit reached. Please try again later.
2026-03-13T11:43:25.799Z [agent/embedded] embedded run agent end: runId=acc5c062-4357-4a8d-9365-d21a3dd3e48e isError=true error=⚠️ API rate limit reached. Please try again later.
2026-03-13T11:43:35.075Z [agent/embedded] embedded run agent end: runId=acc5c062-4357-4a8d-9365-d21a3dd3e48e isError=true error=⚠️ API rate limit reached. Please try again later.
2026-03-13T12:08:40.575Z [gateway] removed stale session lock: C:\Users\Administrator\.openclaw\agents\oc_981e24884af3ed7ed6c16c5730c9bd02\sessions\9277170e-d451-492e-89de-9a1c5d57c92b.jsonl.lock (dead-pid)
2026-03-13T12:09:29.098Z [ws] unauthorized conn=36de8cd5-d769-40cd-9e13-99fcb72a1da1 remote=127.0.0.1 client=cli probe vdev reason=token_mismatch
2026-03-13T12:09:29.113Z [ws] closed before connect conn=36de8cd5-d769-40cd-9e13-99fcb72a1da1 remote=127.0.0.1 fwd=n/a origin=n/a host=127.0.0.1:18789 ua=n/a code=1008 reason=connect failed
2026-03-13T12:09:30.187Z [ws] unauthorized conn=ba429221-42f5-4040-81f0-c05812f63d4c remote=127.0.0.1 client=cli probe vdev reason=token_mismatch
2026-03-13T12:09:30.200Z [ws] closed before connect conn=ba429221-42f5-4040-81f0-c05812f63d4c remote=127.0.0.1 fwd=n/a origin=n/a host=127.0.0.1:18789 ua=n/a code=1008 reason=connect failed
2026-03-13T12:11:14.225Z [ws] unauthorized conn=f282fc35-d1bb-48f5-a672-cb45ff70b67f remote=127.0.0.1 client=gateway-client backend vdev reason=token_mismatch
2026-03-13T20:11:14.229+08:00 gateway connect failed: Error: unauthorized: gateway token mismatch (provide gateway auth token)
2026-03-13T12:11:14.240Z [ws] closed before connect conn=f282fc35-d1bb-48f5-a672-cb45ff70b67f remote=127.0.0.1 fwd=n/a origin=n/a host=127.0.0.1:18789 ua=n/a code=1008 reason=unauthorized: gateway token mismatch (provide gateway auth token)
2026-03-13T20:11:14.247+08:00 [tools] sessions_list failed: gateway closed (1008): unauthorized: gateway token mismatch (provide gateway auth token)
Gateway target: ws://127.0.0.1:18789
Source: local loopback
Config: C:\Users\Administrator\.openclaw\openclaw.json
Bind: loopback
2026-03-13T12:13:23.768Z [gateway] removed stale session lock: C:\Users\Administrator\.openclaw\agents\oc_981e24884af3ed7ed6c16c5730c9bd02\sessions\9277170e-d451-492e-89de-9a1c5d57c92b.jsonl.lock (dead-pid)
2026-03-13T12:14:10.199Z [ws] unauthorized conn=dd75e5f3-30e0-4f68-98a7-00d7815d33a8 remote=127.0.0.1 client=gateway-client backend vdev reason=token_mismatch
2026-03-13T20:14:10.203+08:00 gateway connect failed: Error: unauthorized: gateway token mismatch (provide gateway auth token)
2026-03-13T12:14:10.213Z [ws] closed before connect conn=dd75e5f3-30e0-4f68-98a7-00d7815d33a8 remote=127.0.0.1 fwd=n/a origin=n/a host=127.0.0.1:18789 ua=n/a code=1008 reason=unauthorized: gateway token mismatch (provide gateway auth token)
2026-03-13T20:14:10.219+08:00 [tools] sessions_list failed: gateway closed (1008): unauthorized: gateway token mismatch (provide gateway auth token)
Gateway target: ws://127.0.0.1:18789
Source: local loopback
Config: C:\Users\Administrator\.openclaw\openclaw.json
Bind: loopback
2026-03-13T12:14:53.798Z [config/schema] possibly sensitive key found: (secrets)
2026-03-13T12:14:53.803Z [config/schema] possibly sensitive key found: (secrets.providers)
2026-03-13T12:14:53.806Z [config/schema] possibly sensitive key found: (secrets.providers.*)
2026-03-13T12:14:53.810Z [config/schema] possibly sensitive key found: (secrets.providers.*)
2026-03-13T12:14:53.814Z [config/schema] possibly sensitive key found: (secrets.providers.*.source)
2026-03-13T12:14:53.817Z [config/schema] possibly sensitive key found: (secrets.providers.*.allowlist)
2026-03-13T12:14:53.820Z [config/schema] possibly sensitive key found: (secrets.providers.*.allowlist[])
2026-03-13T12:14:53.822Z [config/schema] possibly sensitive key found: (secrets.providers.*)
2026-03-13T12:14:53.824Z [config/schema] possibly sensitive key found: (secrets.providers.*.source)
2026-03-13T12:14:53.827Z [config/schema] possibly sensitive key found: (secrets.providers.*.path)
2026-03-13T12:14:53.830Z [config/schema] possibly sensitive key found: (secrets.providers.*.mode)
2026-03-13T12:14:53.832Z [config/schema] possibly sensitive key found: (secrets.providers.*.mode)
2026-03-13T12:14:53.835Z [config/schema] possibly sensitive key found: (secrets.providers.*.mode)
2026-03-13T12:14:53.837Z [config/schema] possibly sensitive key found: (secrets.providers.*.timeoutMs)
2026-03-13T12:14:53.839Z [config/schema] possibly sensitive key found: (secrets.providers.*.maxBytes)
2026-03-13T12:14:53.841Z [config/schema] possibly sensitive key found: (secrets.providers.*)
2026-03-13T12:14:53.845Z [config/schema] possibly sensitive key found: (secrets.providers.*.source)
2026-03-13T12:14:53.848Z [config/schema] possibly sensitive key found: (secrets.providers.*.command)
2026-03-13T12:14:53.852Z [config/schema] possibly sensitive key found: (secrets.providers.*.args)
2026-03-13T12:14:53.855Z [config/schema] possibly sensitive key found: (secrets.providers.*.args[])
2026-03-13T12:14:53.858Z [config/schema] possibly sensitive key found: (secrets.providers.*.timeoutMs)
2026-03-13T12:14:53.861Z [config/schema] possibly sensitive key found: (secrets.providers.*.noOutputTimeoutMs)
2026-03-13T12:14:53.864Z [config/schema] possibly sensitive key found: (secrets.providers.*.maxOutputBytes)
2026-03-13T12:14:53.866Z [config/schema] possibly sensitive key found: (secrets.providers.*.jsonOnly)
2026-03-13T12:14:53.870Z [config/schema] possibly sensitive key found: (secrets.providers.*.env)
2026-03-13T12:14:53.873Z [config/schema] possibly sensitive key found: (secrets.providers.*.env.*)
2026-03-13T12:14:53.878Z [config/schema] possibly sensitive key found: (secrets.providers.*.passEnv)
2026-03-13T12:14:53.881Z [config/schema] possibly sensitive key found: (secrets.providers.*.passEnv[])
2026-03-13T12:14:53.883Z [config/schema] possibly sensitive key found: (secrets.providers.*.trustedDirs)
2026-03-13T12:14:53.887Z [config/schema] possibly sensitive key found: (secrets.providers.*.trustedDirs[])
2026-03-13T12:14:53.892Z [config/schema] possibly sensitive key found: (secrets.providers.*.allowInsecurePath)
2026-03-13T12:14:53.896Z [config/schema] possibly sensitive key found: (secrets.providers.*.allowSymlinkCommand)
2026-03-13T12:14:53.898Z [config/schema] possibly sensitive key found: (secrets.defaults)
2026-03-13T12:14:53.900Z [config/schema] possibly sensitive key found: (secrets.defaults.env)
2026-03-13T12:14:53.902Z [config/schema] possibly sensitive key found: (secrets.defaults.file)
2026-03-13T12:14:53.905Z [config/schema] possibly sensitive key found: (secrets.defaults.exec)
2026-03-13T12:14:53.908Z [config/schema] possibly sensitive key found: (secrets.resolution)
2026-03-13T12:14:53.910Z [config/schema] possibly sensitive key found: (secrets.resolution.maxProviderConcurrency)
2026-03-13T12:14:53.912Z [config/schema] possibly sensitive key found: (secrets.resolution.maxRefsPerProvider)
2026-03-13T12:14:53.914Z [config/schema] possibly sensitive key found: (secrets.resolution.maxBatchBytes)
2026-03-13T12:14:53.917Z [config/schema] possibly sensitive key found: (models.providers.*.apiKey.source)
2026-03-13T12:14:53.922Z [config/schema] possibly sensitive key found: (models.providers.*.apiKey.provider)
2026-03-13T12:14:53.926Z [config/schema] possibly sensitive key found: (models.providers.*.apiKey.id)
2026-03-13T12:14:53.932Z [config/schema] possibly sensitive key found: (models.providers.*.apiKey.source)
2026-03-13T12:14:53.934Z [config/schema] possibly sensitive key found: (models.providers.*.apiKey.provider)
2026-03-13T12:14:53.937Z [config/schema] possibly sensitive key found: (models.providers.*.apiKey.id)
2026-03-13T12:14:53.941Z [config/schema] possibly sensitive key found: (models.providers.*.apiKey.source)
2026-03-13T12:14:53.944Z [config/schema] possibly sensitive key found: (models.providers.*.apiKey.provider)
2026-03-13T12:14:53.947Z [config/schema] possibly sensitive key found: (models.providers.*.apiKey.id)
2026-03-13T12:14:55.113Z [config/schema] possibly sensitive key found: (skills.entries.*.apiKey.source)
2026-03-13T12:14:55.117Z [config/schema] possibly sensitive key found: (skills.entries.*.apiKey.provider)
2026-03-13T12:14:55.120Z [config/schema] possibly sensitive key found: (skills.entries.*.apiKey.id)
2026-03-13T12:14:55.123Z [config/schema] possibly sensitive key found: (skills.entries.*.apiKey.source)
2026-03-13T12:14:55.126Z [config/schema] possibly sensitive key found: (skills.entries.*.apiKey.provider)
2026-03-13T12:14:55.130Z [config/schema] possibly sensitive key found: (skills.entries.*.apiKey.id)
2026-03-13T12:14:55.134Z [config/schema] possibly sensitive key found: (skills.entries.*.apiKey.source)
2026-03-13T12:14:55.136Z [config/schema] possibly sensitive key found: (skills.entries.*.apiKey.provider)
2026-03-13T12:14:55.139Z [config/schema] possibly sensitive key found: (skills.entries.*.apiKey.id)
2026-03-13T12:15:01.611Z [ws] unauthorized conn=75f60eaf-040d-46da-8657-94ebabbaf373 remote=127.0.0.1 client=gateway-client backend vdev reason=token_mismatch
2026-03-13T20:15:01.615+08:00 gateway connect failed: Error: unauthorized: gateway token mismatch (provide gateway auth token)
2026-03-13T12:15:01.623Z [ws] closed before connect conn=75f60eaf-040d-46da-8657-94ebabbaf373 remote=127.0.0.1 fwd=n/a origin=n/a host=127.0.0.1:18789 ua=n/a code=1008 reason=unauthorized: gateway token mismatch (provide gateway auth token)
2026-03-13T20:15:01.628+08:00 [tools] sessions_list failed: gateway closed (1008): unauthorized: gateway token mismatch (provide gateway auth token)
Gateway target: ws://127.0.0.1:18789
Source: local loopback
Config: C:\Users\Administrator\.openclaw\openclaw.json
Bind: loopback
2026-03-13T20:16:44.043+08:00 [tools] read failed: ENOENT: no such file or directory, access 'C:\Users\Administrator\.openclaw\gateway.cmd'
2026-03-13T12:17:37.954Z [reload] config change requires gateway restart (gateway.auth.token) — deferring until 2 operation(s), 1 reply(ies), 1 embedded run(s) complete
2026-03-13T12:18:21.355Z [gateway] removed stale session lock: C:\Users\Administrator\.openclaw\agents\oc_981e24884af3ed7ed6c16c5730c9bd02\sessions\9277170e-d451-492e-89de-9a1c5d57c92b.jsonl.lock (dead-pid)
2026-03-13T20:23:42.602+08:00 [warn]: [ 'no im.chat.access_event.bot_p2p_chat_entered_v1 handle' ]
2026-03-13T20:25:57.448+08:00 [tools] edit failed: Could not find the exact text in C:\Users\Administrator\.openclaw\openclaw.json. The old text must match exactly including all whitespace and newlines.
2026-03-13T12:27:15.963Z [gateway] removed stale session lock: C:\Users\Administrator\.openclaw\agents\oc_981e24884af3ed7ed6c16c5730c9bd02\sessions\9277170e-d451-492e-89de-9a1c5d57c92b.jsonl.lock (dead-pid)
2026-03-13T12:28:20.409Z [config/schema] possibly sensitive key found: (secrets)
2026-03-13T12:28:20.412Z [config/schema] possibly sensitive key found: (secrets.providers)
2026-03-13T12:28:20.417Z [config/schema] possibly sensitive key found: (secrets.providers.*)
2026-03-13T12:28:20.421Z [config/schema] possibly sensitive key found: (secrets.providers.*)
2026-03-13T12:28:20.425Z [config/schema] possibly sensitive key found: (secrets.providers.*.source)
2026-03-13T12:28:20.429Z [config/schema] possibly sensitive key found: (secrets.providers.*.allowlist)
2026-03-13T12:28:20.432Z [config/schema] possibly sensitive key found: (secrets.providers.*.allowlist[])
2026-03-13T12:28:20.435Z [config/schema] possibly sensitive key found: (secrets.providers.*)
2026-03-13T12:28:20.438Z [config/schema] possibly sensitive key found: (secrets.providers.*.source)
2026-03-13T12:28:20.441Z [config/schema] possibly sensitive key found: (secrets.providers.*.path)
2026-03-13T12:28:20.446Z [config/schema] possibly sensitive key found: (secrets.providers.*.mode)
2026-03-13T12:28:20.448Z [config/schema] possibly sensitive key found: (secrets.providers.*.mode)
2026-03-13T12:28:20.450Z [config/schema] possibly sensitive key found: (secrets.providers.*.mode)
2026-03-13T12:28:20.452Z [config/schema] possibly sensitive key found: (secrets.providers.*.timeoutMs)
2026-03-13T12:28:20.457Z [config/schema] possibly sensitive key found: (secrets.providers.*.maxBytes)
2026-03-13T12:28:20.461Z [config/schema] possibly sensitive key found: (secrets.providers.*)
2026-03-13T12:28:20.463Z [config/schema] possibly sensitive key found: (secrets.providers.*.source)
2026-03-13T12:28:20.465Z [config/schema] possibly sensitive key found: (secrets.providers.*.command)
2026-03-13T12:28:20.468Z [config/schema] possibly sensitive key found: (secrets.providers.*.args)
2026-03-13T12:28:20.470Z [config/schema] possibly sensitive key found: (secrets.providers.*.args[])
2026-03-13T12:28:20.474Z [config/schema] possibly sensitive key found: (secrets.providers.*.timeoutMs)
2026-03-13T12:28:20.476Z [config/schema] possibly sensitive key found: (secrets.providers.*.noOutputTimeoutMs)
2026-03-13T12:28:20.479Z [config/schema] possibly sensitive key found: (secrets.providers.*.maxOutputBytes)
2026-03-13T12:28:20.481Z [config/schema] possibly sensitive key found: (secrets.providers.*.jsonOnly)
2026-03-13T12:28:20.483Z [config/schema] possibly sensitive key found: (secrets.providers.*.env)
2026-03-13T12:28:20.488Z [config/schema] possibly sensitive key found: (secrets.providers.*.env.*)
2026-03-13T12:28:20.493Z [config/schema] possibly sensitive key found: (secrets.providers.*.passEnv)
2026-03-13T12:28:20.495Z [config/schema] possibly sensitive key found: (secrets.providers.*.passEnv[])
2026-03-13T12:28:20.498Z [config/schema] possibly sensitive key found: (secrets.providers.*.trustedDirs)
2026-03-13T12:28:20.500Z [config/schema] possibly sensitive key found: (secrets.providers.*.trustedDirs[])
2026-03-13T12:28:20.504Z [config/schema] possibly sensitive key found: (secrets.providers.*.allowInsecurePath)
2026-03-13T12:28:20.507Z [config/schema] possibly sensitive key found: (secrets.providers.*.allowSymlinkCommand)
2026-03-13T12:28:20.510Z [config/schema] possibly sensitive key found: (secrets.defaults)
2026-03-13T12:28:20.513Z [config/schema] possibly sensitive key found: (secrets.defaults.env)
2026-03-13T12:28:20.515Z [config/schema] possibly sensitive key found: (secrets.defaults.file)
2026-03-13T12:28:20.522Z [config/schema] possibly sensitive key found: (secrets.defaults.exec)
2026-03-13T12:28:20.525Z [config/schema] possibly sensitive key found: (secrets.resolution)
2026-03-13T12:28:20.527Z [config/schema] possibly sensitive key found: (secrets.resolution.maxProviderConcurrency)
2026-03-13T12:28:20.529Z [config/schema] possibly sensitive key found: (secrets.resolution.maxRefsPerProvider)
2026-03-13T12:28:20.532Z [config/schema] possibly sensitive key found: (secrets.resolution.maxBatchBytes)
2026-03-13T12:28:20.536Z [config/schema] possibly sensitive key found: (models.providers.*.apiKey.source)
2026-03-13T12:28:20.540Z [config/schema] possibly sensitive key found: (models.providers.*.apiKey.provider)
2026-03-13T12:28:20.543Z [config/schema] possibly sensitive key found: (models.providers.*.apiKey.id)
2026-03-13T12:28:20.546Z [config/schema] possibly sensitive key found: (models.providers.*.apiKey.source)
2026-03-13T12:28:20.549Z [config/schema] possibly sensitive key found: (models.providers.*.apiKey.provider)
2026-03-13T12:28:20.553Z [config/schema] possibly sensitive key found: (models.providers.*.apiKey.id)
2026-03-13T12:28:20.556Z [config/schema] possibly sensitive key found: (models.providers.*.apiKey.source)
2026-03-13T12:28:20.558Z [config/schema] possibly sensitive key found: (models.providers.*.apiKey.provider)
2026-03-13T12:28:20.561Z [config/schema] possibly sensitive key found: (models.providers.*.apiKey.id)
2026-03-13T12:28:21.727Z [config/schema] possibly sensitive key found: (skills.entries.*.apiKey.source)
2026-03-13T12:28:21.730Z [config/schema] possibly sensitive key found: (skills.entries.*.apiKey.provider)
2026-03-13T12:28:21.734Z [config/schema] possibly sensitive key found: (skills.entries.*.apiKey.id)
2026-03-13T12:28:21.739Z [config/schema] possibly sensitive key found: (skills.entries.*.apiKey.source)
2026-03-13T12:28:21.742Z [config/schema] possibly sensitive key found: (skills.entries.*.apiKey.provider)
2026-03-13T12:28:21.747Z [config/schema] possibly sensitive key found: (skills.entries.*.apiKey.id)
2026-03-13T12:28:21.751Z [config/schema] possibly sensitive key found: (skills.entries.*.apiKey.source)
2026-03-13T12:28:21.755Z [config/schema] possibly sensitive key found: (skills.entries.*.apiKey.provider)
2026-03-13T12:28:21.759Z [config/schema] possibly sensitive key found: (skills.entries.*.apiKey.id)
2026-03-13T20:31:40.131+08:00 [tools] write failed: Missing required parameter: content. Supply correct parameters before retrying.
2026-03-13T20:31:40.159+08:00 [tools] write failed: Missing required parameter: content. Supply correct parameters before retrying.
2026-03-13T20:31:48.060+08:00 [tools] write failed: Missing required parameter: content. Supply correct parameters before retrying.
2026-03-13T20:31:48.082+08:00 [tools] write failed: Missing required parameter: content. Supply correct parameters before retrying.
2026-03-13T20:40:55.181+08:00 [tools] edit failed: Could not find the exact text in C:\Users\Administrator\.openclaw\openclaw.json. The old text must match exactly including all whitespace and newlines.
2026-03-13T12:43:57.387Z [gateway] removed stale session lock: C:\Users\Administrator\.openclaw\agents\oc_981e24884af3ed7ed6c16c5730c9bd02\sessions\9277170e-d451-492e-89de-9a1c5d57c92b.jsonl.lock (dead-pid)
2026-03-13T20:44:05.109+08:00 Rerank API timed out (5s), falling back to cosine
2026-03-13T12:44:56.271Z [config/schema] possibly sensitive key found: (secrets)
2026-03-13T12:44:56.275Z [config/schema] possibly sensitive key found: (secrets.providers)
2026-03-13T12:44:56.278Z [config/schema] possibly sensitive key found: (secrets.providers.*)
2026-03-13T12:44:56.282Z [config/schema] possibly sensitive key found: (secrets.providers.*)
2026-03-13T12:44:56.287Z [config/schema] possibly sensitive key found: (secrets.providers.*.source)
2026-03-13T12:44:56.292Z [config/schema] possibly sensitive key found: (secrets.providers.*.allowlist)
2026-03-13T12:44:56.295Z [config/schema] possibly sensitive key found: (secrets.providers.*.allowlist[])
2026-03-13T12:44:56.297Z [config/schema] possibly sensitive key found: (secrets.providers.*)
2026-03-13T12:44:56.299Z [config/schema] possibly sensitive key found: (secrets.providers.*.source)
2026-03-13T12:44:56.302Z [config/schema] possibly sensitive key found: (secrets.providers.*.path)
2026-03-13T12:44:56.307Z [config/schema] possibly sensitive key found: (secrets.providers.*.mode)
2026-03-13T12:44:56.310Z [config/schema] possibly sensitive key found: (secrets.providers.*.mode)
2026-03-13T12:44:56.312Z [config/schema] possibly sensitive key found: (secrets.providers.*.mode)
2026-03-13T12:44:56.315Z [config/schema] possibly sensitive key found: (secrets.providers.*.timeoutMs)
2026-03-13T12:44:56.318Z [config/schema] possibly sensitive key found: (secrets.providers.*.maxBytes)
2026-03-13T12:44:56.321Z [config/schema] possibly sensitive key found: (secrets.providers.*)
2026-03-13T12:44:56.323Z [config/schema] possibly sensitive key found: (secrets.providers.*.source)
2026-03-13T12:44:56.326Z [config/schema] possibly sensitive key found: (secrets.providers.*.command)
2026-03-13T12:44:56.329Z [config/schema] possibly sensitive key found: (secrets.providers.*.args)
2026-03-13T12:44:56.332Z [config/schema] possibly sensitive key found: (secrets.providers.*.args[])
2026-03-13T12:44:56.337Z [config/schema] possibly sensitive key found: (secrets.providers.*.timeoutMs)
2026-03-13T12:44:56.341Z [config/schema] possibly sensitive key found: (secrets.providers.*.noOutputTimeoutMs)
2026-03-13T12:44:56.343Z [config/schema] possibly sensitive key found: (secrets.providers.*.maxOutputBytes)
2026-03-13T12:44:56.346Z [config/schema] possibly sensitive key found: (secrets.providers.*.jsonOnly)
2026-03-13T12:44:56.349Z [config/schema] possibly sensitive key found: (secrets.providers.*.env)
2026-03-13T12:44:56.353Z [config/schema] possibly sensitive key found: (secrets.providers.*.env.*)
2026-03-13T12:44:56.356Z [config/schema] possibly sensitive key found: (secrets.providers.*.passEnv)
2026-03-13T12:44:56.358Z [config/schema] possibly sensitive key found: (secrets.providers.*.passEnv[])
2026-03-13T12:44:56.360Z [config/schema] possibly sensitive key found: (secrets.providers.*.trustedDirs)
2026-03-13T12:44:56.366Z [config/schema] possibly sensitive key found: (secrets.providers.*.trustedDirs[])
2026-03-13T12:44:56.369Z [config/schema] possibly sensitive key found: (secrets.providers.*.allowInsecurePath)
2026-03-13T12:44:56.371Z [config/schema] possibly sensitive key found: (secrets.providers.*.allowSymlinkCommand)
2026-03-13T12:44:56.374Z [config/schema] possibly sensitive key found: (secrets.defaults)
2026-03-13T12:44:56.377Z [config/schema] possibly sensitive key found: (secrets.defaults.env)
2026-03-13T12:44:56.382Z [config/schema] possibly sensitive key found: (secrets.defaults.file)
2026-03-13T12:44:56.384Z [config/schema] possibly sensitive key found: (secrets.defaults.exec)
2026-03-13T12:44:56.386Z [config/schema] possibly sensitive key found: (secrets.resolution)
2026-03-13T12:44:56.389Z [config/schema] possibly sensitive key found: (secrets.resolution.maxProviderConcurrency)
2026-03-13T12:44:56.391Z [config/schema] possibly sensitive key found: (secrets.resolution.maxRefsPerProvider)
2026-03-13T12:44:56.393Z [config/schema] possibly sensitive key found: (secrets.resolution.maxBatchBytes)
2026-03-13T12:44:56.398Z [config/schema] possibly sensitive key found: (models.providers.*.apiKey.source)
2026-03-13T12:44:56.401Z [config/schema] possibly sensitive key found: (models.providers.*.apiKey.provider)
2026-03-13T12:44:56.403Z [config/schema] possibly sensitive key found: (models.providers.*.apiKey.id)
2026-03-13T12:44:56.407Z [config/schema] possibly sensitive key found: (models.providers.*.apiKey.source)
2026-03-13T12:44:56.410Z [config/schema] possibly sensitive key found: (models.providers.*.apiKey.provider)
2026-03-13T12:44:56.416Z [config/schema] possibly sensitive key found: (models.providers.*.apiKey.id)
2026-03-13T12:44:56.420Z [config/schema] possibly sensitive key found: (models.providers.*.apiKey.source)
2026-03-13T12:44:56.423Z [config/schema] possibly sensitive key found: (models.providers.*.apiKey.provider)
2026-03-13T12:44:56.425Z [config/schema] possibly sensitive key found: (models.providers.*.apiKey.id)
2026-03-13T12:44:57.531Z [config/schema] possibly sensitive key found: (skills.entries.*.apiKey.source)
2026-03-13T12:44:57.535Z [config/schema] possibly sensitive key found: (skills.entries.*.apiKey.provider)
2026-03-13T12:44:57.538Z [config/schema] possibly sensitive key found: (skills.entries.*.apiKey.id)
2026-03-13T12:44:57.541Z [config/schema] possibly sensitive key found: (skills.entries.*.apiKey.source)
2026-03-13T12:44:57.544Z [config/schema] possibly sensitive key found: (skills.entries.*.apiKey.provider)
2026-03-13T12:44:57.547Z [config/schema] possibly sensitive key found: (skills.entries.*.apiKey.id)
2026-03-13T12:44:57.553Z [config/schema] possibly sensitive key found: (skills.entries.*.apiKey.source)
2026-03-13T12:44:57.556Z [config/schema] possibly sensitive key found: (skills.entries.*.apiKey.provider)
2026-03-13T12:44:57.559Z [config/schema] possibly sensitive key found: (skills.entries.*.apiKey.id)
2026-03-13T20:48:55.778+08:00 [warn]: [ 'no im.chat.access_event.bot_p2p_chat_entered_v1 handle' ]
2026-03-13T20:49:35.712+08:00 [warn]: [ 'no im.chat.access_event.bot_p2p_chat_entered_v1 handle' ]
2026-03-13T20:57:00.716+08:00 [warn]: [ 'no im.chat.access_event.bot_p2p_chat_entered_v1 handle' ]
2026-03-13T21:00:17.820+08:00 [warn]: [ 'no im.chat.access_event.bot_p2p_chat_entered_v1 handle' ]
2026-03-13T21:01:44.297+08:00 [warn]: [ 'no im.chat.access_event.bot_p2p_chat_entered_v1 handle' ]
2026-03-13T21:02:49.559+08:00 [warn]: [ 'no im.chat.access_event.bot_p2p_chat_entered_v1 handle' ]
2026-03-13T21:03:27.742+08:00 [warn]: [ 'no im.chat.access_event.bot_p2p_chat_entered_v1 handle' ]
2026-03-13T22:18:34.242+08:00 [warn]: [ 'no im.message.recalled_v1 handle' ]
2026-03-13T22:36:04.442+08:00 [warn]: [ 'no im.message.recalled_v1 handle' ]
2026-03-13T16:00:00.213Z [cron] payload.model 'siliconflow/Qwen/Qwen3-30B-A3B-Instruct-2507' not allowed, falling back to agent defaults
2026-03-14T00:00:10.519+08:00 [tools] read failed: ENOENT: no such file or directory, access 'C:\Users\Administrator\.openclaw\workspaces\oc-981e-feishu-group\memory\2026-03-14.md'
2026-03-14T00:00:00.200Z [cron] payload.model 'siliconflow/Qwen/Qwen3-30B-A3B-Instruct-2507' not allowed, falling back to agent defaults
2026-03-14T00:00:04.001Z [gateway] memory-lancedb-pro: auto-recall failed: Error: Embedding provider authentication failed (401: 401 status code (no body)). Check embedding.apiKey and endpoint for Jina. If your Jina key expired or lost access, replace the key or switch to a local OpenAI-compatible endpoint such as Ollama (for example baseURL http://127.0.0.1:11434/v1, with a matching model and embedding.dimensions).
2026-03-14T08:00:29.779+08:00 [tools] read failed: ENOENT: no such file or directory, access 'C:\Users\Administrator\.openclaw\workspaces\oc-981e-feishu-group\memory\2026-03-14.md'
2026-03-14T01:00:00.050Z [cron] payload.model 'siliconflow/Qwen/Qwen3-30B-A3B-Instruct-2507' not allowed, falling back to agent defaults
2026-03-14T12:46:51.157+08:00 [warn]: [ 'no im.chat.access_event.bot_p2p_chat_entered_v1 handle' ]
2026-03-14T16:12:14.826+08:00 [warn]: [ 'no im.chat.access_event.bot_p2p_chat_entered_v1 handle' ]
2026-03-14T16:13:33.887+08:00 [tools] web_search failed: Perplexity API error (403): {"error":{"message":"Key limit exceeded (total limit). Manage it using https://openrouter.ai/settings/keys","code":403}}
2026-03-14T16:13:59.256+08:00 [tools] web_search failed: Perplexity API error (403): {"error":{"message":"Key limit exceeded (total limit). Manage it using https://openrouter.ai/settings/keys","code":403}}
2026-03-14T16:14:02.387+08:00 [warn]: [ 'no im.chat.access_event.bot_p2p_chat_entered_v1 handle' ]
2026-03-14T16:14:33.794+08:00 [warn]: [ 'no im.chat.access_event.bot_p2p_chat_entered_v1 handle' ]
2026-03-14T16:18:31.843+08:00 [warn]: [ 'no im.chat.access_event.bot_p2p_chat_entered_v1 handle' ]
2026-03-14T16:22:05.977+08:00 [warn]: [ 'no im.chat.access_event.bot_p2p_chat_entered_v1 handle' ]
2026-03-14T16:23:14.698+08:00 [warn]: [ 'no im.chat.access_event.bot_p2p_chat_entered_v1 handle' ]
2026-03-14T16:23:26.021+08:00 [warn]: [ 'no im.chat.access_event.bot_p2p_chat_entered_v1 handle' ]
2026-03-14T16:24:18.653+08:00 (node:26164) MaxListenersExceededWarning: Possible EventTarget memory leak detected. 11 abort listeners added to [AbortSignal]. MaxListeners is 10. Use events.setMaxListeners() to increase limit
(Use `node --trace-warnings ...` to show where the warning was created)
2026-03-14T16:41:51.358+08:00 [warn]: [ 'no im.chat.access_event.bot_p2p_chat_entered_v1 handle' ]
2026-03-14T17:54:42.827+08:00 [warn]: [ 'no im.chat.access_event.bot_p2p_chat_entered_v1 handle' ]
2026-03-14T17:58:22.933+08:00 [warn]: [ 'no im.chat.access_event.bot_p2p_chat_entered_v1 handle' ]
2026-03-14T20:42:01.529+08:00 (node:26164) MaxListenersExceededWarning: Possible EventTarget memory leak detected. 11 abort listeners added to [AbortSignal]. MaxListeners is 10. Use events.setMaxListeners() to increase limit
2026-03-14T22:31:00.029+08:00 [warn]: [ 'no im.chat.access_event.bot_p2p_chat_entered_v1 handle' ]
2026-03-14T22:32:01.981+08:00 (node:26164) MaxListenersExceededWarning: Possible EventTarget memory leak detected. 11 abort listeners added to [AbortSignal]. MaxListeners is 10. Use events.setMaxListeners() to increase limit
2026-03-14T22:42:37.745+08:00 [warn]: [ 'no im.chat.access_event.bot_p2p_chat_entered_v1 handle' ]
2026-03-14T22:43:56.294+08:00 [warn]: [ 'no im.chat.access_event.bot_p2p_chat_entered_v1 handle' ]
2026-03-14T22:45:50.076+08:00 Rerank API timed out (5s), falling back to cosine
2026-03-14T16:00:00.093Z [cron] payload.model 'siliconflow/Qwen/Qwen3-30B-A3B-Instruct-2507' not allowed, falling back to agent defaults
2026-03-15T00:00:19.504+08:00 [tools] read failed: ENOENT: no such file or directory, access 'C:\Users\Administrator\.openclaw\workspaces\oc-981e-feishu-group\memory\2026-03-15.md'
2026-03-15T00:00:00.245Z [cron] payload.model 'siliconflow/Qwen/Qwen3-30B-A3B-Instruct-2507' not allowed, falling back to agent defaults
2026-03-15T00:00:04.309Z [gateway] memory-lancedb-pro: auto-recall failed: Error: Embedding provider authentication failed (401: 401 status code (no body)). Check embedding.apiKey and endpoint for Jina. If your Jina key expired or lost access, replace the key or switch to a local OpenAI-compatible endpoint such as Ollama (for example baseURL http://127.0.0.1:11434/v1, with a matching model and embedding.dimensions).
2026-03-15T00:00:07.808Z [gateway] memory-lancedb-pro: auto-recall failed: Error: Embedding provider authentication failed (401: 401 status code (no body)). Check embedding.apiKey and endpoint for Jina. If your Jina key expired or lost access, replace the key or switch to a local OpenAI-compatible endpoint such as Ollama (for example baseURL http://127.0.0.1:11434/v1, with a matching model and embedding.dimensions).
2026-03-15T08:00:16.021+08:00 [tools] read failed: ENOENT: no such file or directory, access 'C:\Users\Administrator\.openclaw\workspaces\oc-981e-feishu-group\memory\2026-03-15.md'
2026-03-15T01:00:00.062Z [cron] payload.model 'siliconflow/Qwen/Qwen3-30B-A3B-Instruct-2507' not allowed, falling back to agent defaults
2026-03-15T01:00:47.015Z [cron] payload.model 'siliconflow/Qwen/Qwen3-30B-A3B-Instruct-2507' not allowed, falling back to agent defaults
2026-03-15T10:46:49.061+08:00 [tools] web_search failed: Perplexity API error (403): {"error":{"message":"Key limit exceeded (total limit). Manage it using https://openrouter.ai/settings/keys","code":403}}
2026-03-15T10:57:57.345+08:00 Config overwrite: C:\Users\Administrator\.openclaw\openclaw.json (sha256 4c554d2dccb8acc965be36febacbe1b4e3c310f0211d13bc7d4108c535be563d -> 8ea8b61308293b3cfe09a17fcba72437e1b28ae9b3e947d697a039d23d020b65, backup=C:\Users\Administrator\.openclaw\openclaw.json.bak, changedPaths=2)
2026-03-15T10:58:42.213+08:00 (node:26164) MaxListenersExceededWarning: Possible EventTarget memory leak detected. 11 abort listeners added to [AbortSignal]. MaxListeners is 10. Use events.setMaxListeners() to increase limit
2026-03-15T10:58:48.214+08:00 [tools] browser failed: Navigation blocked: unsupported protocol "chrome:"
2026-03-15T12:02:08.680+08:00 [warn]: [ 'no im.chat.access_event.bot_p2p_chat_entered_v1 handle' ]
2026-03-15T12:03:18.917+08:00 [warn]: [ 'no im.chat.access_event.bot_p2p_chat_entered_v1 handle' ]
2026-03-15T04:14:27.861Z [reload] config reload skipped (invalid config): agents.defaults.subagents: Unrecognized key: "allowAgents"
Invalid config at C:\Users\Administrator\.openclaw\openclaw.json:\n- agents.defaults.subagents: Unrecognized key: "allowAgents"
Config invalid
File: ~\.openclaw\openclaw.json
Problem:
  - agents.defaults.subagents: Unrecognized key: "allowAgents"

Run: openclaw doctor --fix
Invalid config at C:\Users\Administrator\.openclaw\openclaw.json:\n- agents.defaults.subagents: Unrecognized key: "allowAgents"
Config invalid
File: ~\.openclaw\openclaw.json
Problem:
  - agents.defaults.subagents: Unrecognized key: "allowAgents"

Run: openclaw doctor --fix
2026-03-15T04:21:14.386Z [gateway] removed stale session lock: C:\Users\Administrator\.openclaw\agents\oc_981e24884af3ed7ed6c16c5730c9bd02\sessions\1ff0e71d-824d-4c38-a936-24de4e23180a.jsonl.lock (dead-pid)
2026-03-15T04:22:10.012Z [config/schema] possibly sensitive key found: (secrets)
2026-03-15T04:22:10.015Z [config/schema] possibly sensitive key found: (secrets.providers)
2026-03-15T04:22:10.018Z [config/schema] possibly sensitive key found: (secrets.providers.*)
2026-03-15T04:22:10.030Z [config/schema] possibly sensitive key found: (secrets.providers.*)
2026-03-15T04:22:10.032Z [config/schema] possibly sensitive key found: (secrets.providers.*.source)
2026-03-15T04:22:10.035Z [config/schema] possibly sensitive key found: (secrets.providers.*.allowlist)
2026-03-15T04:22:10.038Z [config/schema] possibly sensitive key found: (secrets.providers.*.allowlist[])
2026-03-15T04:22:10.041Z [config/schema] possibly sensitive key found: (secrets.providers.*)
2026-03-15T04:22:10.044Z [config/schema] possibly sensitive key found: (secrets.providers.*.source)
2026-03-15T04:22:10.046Z [config/schema] possibly sensitive key found: (secrets.providers.*.path)
2026-03-15T04:22:10.048Z [config/schema] possibly sensitive key found: (secrets.providers.*.mode)
2026-03-15T04:22:10.050Z [config/schema] possibly sensitive key found: (secrets.providers.*.mode)
2026-03-15T04:22:10.053Z [config/schema] possibly sensitive key found: (secrets.providers.*.mode)
2026-03-15T04:22:10.058Z [config/schema] possibly sensitive key found: (secrets.providers.*.timeoutMs)
2026-03-15T04:22:10.060Z [config/schema] possibly sensitive key found: (secrets.providers.*.maxBytes)
2026-03-15T04:22:10.064Z [config/schema] possibly sensitive key found: (secrets.providers.*)
2026-03-15T04:22:10.066Z [config/schema] possibly sensitive key found: (secrets.providers.*.source)
2026-03-15T04:22:10.068Z [config/schema] possibly sensitive key found: (secrets.providers.*.command)
2026-03-15T04:22:10.071Z [config/schema] possibly sensitive key found: (secrets.providers.*.args)
2026-03-15T04:22:10.074Z [config/schema] possibly sensitive key found: (secrets.providers.*.args[])
2026-03-15T04:22:10.077Z [config/schema] possibly sensitive key found: (secrets.providers.*.timeoutMs)
2026-03-15T04:22:10.080Z [config/schema] possibly sensitive key found: (secrets.providers.*.noOutputTimeoutMs)
2026-03-15T04:22:10.082Z [config/schema] possibly sensitive key found: (secrets.providers.*.maxOutputBytes)
2026-03-15T04:22:10.085Z [config/schema] possibly sensitive key found: (secrets.providers.*.jsonOnly)
2026-03-15T04:22:10.088Z [config/schema] possibly sensitive key found: (secrets.providers.*.env)
2026-03-15T04:22:10.091Z [config/schema] possibly sensitive key found: (secrets.providers.*.env.*)
2026-03-15T04:22:10.093Z [config/schema] possibly sensitive key found: (secrets.providers.*.passEnv)
2026-03-15T04:22:10.095Z [config/schema] possibly sensitive key found: (secrets.providers.*.passEnv[])
2026-03-15T04:22:10.098Z [config/schema] possibly sensitive key found: (secrets.providers.*.trustedDirs)
2026-03-15T04:22:10.100Z [config/schema] possibly sensitive key found: (secrets.providers.*.trustedDirs[])
2026-03-15T04:22:10.105Z [config/schema] possibly sensitive key found: (secrets.providers.*.allowInsecurePath)
2026-03-15T04:22:10.108Z [config/schema] possibly sensitive key found: (secrets.providers.*.allowSymlinkCommand)
2026-03-15T04:22:10.111Z [config/schema] possibly sensitive key found: (secrets.defaults)
2026-03-15T04:22:10.113Z [config/schema] possibly sensitive key found: (secrets.defaults.env)
2026-03-15T04:22:10.118Z [config/schema] possibly sensitive key found: (secrets.defaults.file)
2026-03-15T04:22:10.121Z [config/schema] possibly sensitive key found: (secrets.defaults.exec)
2026-03-15T04:22:10.123Z [config/schema] possibly sensitive key found: (secrets.resolution)
2026-03-15T04:22:10.125Z [config/schema] possibly sensitive key found: (secrets.resolution.maxProviderConcurrency)
2026-03-15T04:22:10.129Z [config/schema] possibly sensitive key found: (secrets.resolution.maxRefsPerProvider)
2026-03-15T04:22:10.133Z [config/schema] possibly sensitive key found: (secrets.resolution.maxBatchBytes)
2026-03-15T04:22:10.138Z [config/schema] possibly sensitive key found: (models.providers.*.apiKey.source)
2026-03-15T04:22:10.140Z [config/schema] possibly sensitive key found: (models.providers.*.apiKey.provider)
2026-03-15T04:22:10.142Z [config/schema] possibly sensitive key found: (models.providers.*.apiKey.id)
2026-03-15T04:22:10.145Z [config/schema] possibly sensitive key found: (models.providers.*.apiKey.source)
2026-03-15T04:22:10.148Z [config/schema] possibly sensitive key found: (models.providers.*.apiKey.provider)
2026-03-15T04:22:10.150Z [config/schema] possibly sensitive key found: (models.providers.*.apiKey.id)
2026-03-15T04:22:10.153Z [config/schema] possibly sensitive key found: (models.providers.*.apiKey.source)
2026-03-15T04:22:10.156Z [config/schema] possibly sensitive key found: (models.providers.*.apiKey.provider)
2026-03-15T04:22:10.158Z [config/schema] possibly sensitive key found: (models.providers.*.apiKey.id)
2026-03-15T04:22:11.214Z [config/schema] possibly sensitive key found: (skills.entries.*.apiKey.source)
2026-03-15T04:22:11.219Z [config/schema] possibly sensitive key found: (skills.entries.*.apiKey.provider)
2026-03-15T04:22:11.224Z [config/schema] possibly sensitive key found: (skills.entries.*.apiKey.id)
2026-03-15T04:22:11.233Z [config/schema] possibly sensitive key found: (skills.entries.*.apiKey.source)
2026-03-15T04:22:11.236Z [config/schema] possibly sensitive key found: (skills.entries.*.apiKey.provider)
2026-03-15T04:22:11.239Z [config/schema] possibly sensitive key found: (skills.entries.*.apiKey.id)
2026-03-15T04:22:11.247Z [config/schema] possibly sensitive key found: (skills.entries.*.apiKey.source)
2026-03-15T04:22:11.251Z [config/schema] possibly sensitive key found: (skills.entries.*.apiKey.provider)
2026-03-15T04:22:11.253Z [config/schema] possibly sensitive key found: (skills.entries.*.apiKey.id)
2026-03-15T12:27:24.477+08:00 [warn]: [ 'no im.chat.access_event.bot_p2p_chat_entered_v1 handle' ]
2026-03-15T12:31:51.125+08:00 [warn]: [ 'no im.chat.access_event.bot_p2p_chat_entered_v1 handle' ]
2026-03-15T12:39:18.862+08:00 [tools] web_search failed: Perplexity API error (403): {"error":{"message":"Key limit exceeded (total limit). Manage it using https://openrouter.ai/settings/keys","code":403}}
2026-03-15T04:42:55.360Z [reload] config change requires gateway restart (plugins.load.paths) — deferring until 2 operation(s), 1 reply(ies), 1 embedded run(s) complete
2026-03-15T04:44:03.435Z [gateway] removed stale session lock: C:\Users\Administrator\.openclaw\agents\oc_981e24884af3ed7ed6c16c5730c9bd02\sessions\1ff0e71d-824d-4c38-a936-24de4e23180a.jsonl.lock (dead-pid)
2026-03-15T04:45:19.266Z [config/schema] possibly sensitive key found: (secrets)
2026-03-15T04:45:19.272Z [config/schema] possibly sensitive key found: (secrets.providers)
2026-03-15T04:45:19.277Z [config/schema] possibly sensitive key found: (secrets.providers.*)
2026-03-15T04:45:19.281Z [config/schema] possibly sensitive key found: (secrets.providers.*)
2026-03-15T04:45:19.284Z [config/schema] possibly sensitive key found: (secrets.providers.*.source)
2026-03-15T04:45:19.289Z [config/schema] possibly sensitive key found: (secrets.providers.*.allowlist)
2026-03-15T04:45:19.291Z [config/schema] possibly sensitive key found: (secrets.providers.*.allowlist[])
2026-03-15T04:45:19.294Z [config/schema] possibly sensitive key found: (secrets.providers.*)
2026-03-15T04:45:19.296Z [config/schema] possibly sensitive key found: (secrets.providers.*.source)
2026-03-15T04:45:19.299Z [config/schema] possibly sensitive key found: (secrets.providers.*.path)
2026-03-15T04:45:19.302Z [config/schema] possibly sensitive key found: (secrets.providers.*.mode)
2026-03-15T04:45:19.305Z [config/schema] possibly sensitive key found: (secrets.providers.*.mode)
2026-03-15T04:45:19.308Z [config/schema] possibly sensitive key found: (secrets.providers.*.mode)
2026-03-15T04:45:19.311Z [config/schema] possibly sensitive key found: (secrets.providers.*.timeoutMs)
2026-03-15T04:45:19.314Z [config/schema] possibly sensitive key found: (secrets.providers.*.maxBytes)
2026-03-15T04:45:19.319Z [config/schema] possibly sensitive key found: (secrets.providers.*)
2026-03-15T04:45:19.323Z [config/schema] possibly sensitive key found: (secrets.providers.*.source)
2026-03-15T04:45:19.326Z [config/schema] possibly sensitive key found: (secrets.providers.*.command)
2026-03-15T04:45:19.328Z [config/schema] possibly sensitive key found: (secrets.providers.*.args)
2026-03-15T04:45:19.332Z [config/schema] possibly sensitive key found: (secrets.providers.*.args[])
2026-03-15T04:45:19.335Z [config/schema] possibly sensitive key found: (secrets.providers.*.timeoutMs)
2026-03-15T04:45:19.339Z [config/schema] possibly sensitive key found: (secrets.providers.*.noOutputTimeoutMs)
2026-03-15T04:45:19.342Z [config/schema] possibly sensitive key found: (secrets.providers.*.maxOutputBytes)
2026-03-15T04:45:19.344Z [config/schema] possibly sensitive key found: (secrets.providers.*.jsonOnly)
2026-03-15T04:45:19.349Z [config/schema] possibly sensitive key found: (secrets.providers.*.env)
2026-03-15T04:45:19.354Z [config/schema] possibly sensitive key found: (secrets.providers.*.env.*)
2026-03-15T04:45:19.357Z [config/schema] possibly sensitive key found: (secrets.providers.*.passEnv)
2026-03-15T04:45:19.360Z [config/schema] possibly sensitive key found: (secrets.providers.*.passEnv[])
2026-03-15T04:45:19.363Z [config/schema] possibly sensitive key found: (secrets.providers.*.trustedDirs)
2026-03-15T04:45:19.369Z [config/schema] possibly sensitive key found: (secrets.providers.*.trustedDirs[])
2026-03-15T04:45:19.373Z [config/schema] possibly sensitive key found: (secrets.providers.*.allowInsecurePath)
2026-03-15T04:45:19.375Z [config/schema] possibly sensitive key found: (secrets.providers.*.allowSymlinkCommand)
2026-03-15T04:45:19.380Z [config/schema] possibly sensitive key found: (secrets.defaults)
2026-03-15T04:45:19.383Z [config/schema] possibly sensitive key found: (secrets.defaults.env)
2026-03-15T04:45:19.391Z [config/schema] possibly sensitive key found: (secrets.defaults.file)
2026-03-15T04:45:19.395Z [config/schema] possibly sensitive key found: (secrets.defaults.exec)
2026-03-15T04:45:19.398Z [config/schema] possibly sensitive key found: (secrets.resolution)
2026-03-15T04:45:19.401Z [config/schema] possibly sensitive key found: (secrets.resolution.maxProviderConcurrency)
2026-03-15T04:45:19.404Z [config/schema] possibly sensitive key found: (secrets.resolution.maxRefsPerProvider)
2026-03-15T04:45:19.407Z [config/schema] possibly sensitive key found: (secrets.resolution.maxBatchBytes)
2026-03-15T04:45:19.413Z [config/schema] possibly sensitive key found: (models.providers.*.apiKey.source)
2026-03-15T04:45:19.417Z [config/schema] possibly sensitive key found: (models.providers.*.apiKey.provider)
2026-03-15T04:45:19.421Z [config/schema] possibly sensitive key found: (models.providers.*.apiKey.id)
2026-03-15T04:45:19.426Z [config/schema] possibly sensitive key found: (models.providers.*.apiKey.source)
2026-03-15T04:45:19.430Z [config/schema] possibly sensitive key found: (models.providers.*.apiKey.provider)
2026-03-15T04:45:19.434Z [config/schema] possibly sensitive key found: (models.providers.*.apiKey.id)
2026-03-15T04:45:19.438Z [config/schema] possibly sensitive key found: (models.providers.*.apiKey.source)
2026-03-15T04:45:19.443Z [config/schema] possibly sensitive key found: (models.providers.*.apiKey.provider)
2026-03-15T04:45:19.445Z [config/schema] possibly sensitive key found: (models.providers.*.apiKey.id)
2026-03-15T04:45:20.995Z [config/schema] possibly sensitive key found: (skills.entries.*.apiKey.source)
2026-03-15T04:45:20.997Z [config/schema] possibly sensitive key found: (skills.entries.*.apiKey.provider)
2026-03-15T04:45:21.000Z [config/schema] possibly sensitive key found: (skills.entries.*.apiKey.id)
2026-03-15T04:45:21.007Z [config/schema] possibly sensitive key found: (skills.entries.*.apiKey.source)
2026-03-15T04:45:21.010Z [config/schema] possibly sensitive key found: (skills.entries.*.apiKey.provider)
2026-03-15T04:45:21.013Z [config/schema] possibly sensitive key found: (skills.entries.*.apiKey.id)
2026-03-15T04:45:21.019Z [config/schema] possibly sensitive key found: (skills.entries.*.apiKey.source)
2026-03-15T04:45:21.022Z [config/schema] possibly sensitive key found: (skills.entries.*.apiKey.provider)
2026-03-15T04:45:21.026Z [config/schema] possibly sensitive key found: (skills.entries.*.apiKey.id)
2026-03-15T04:50:12.205Z [reload] config change requires gateway restart (plugins.entries.memory-lancedb-pro.config.smartExtraction, plugins.entries.memory-lancedb-pro.config.captureAssistant, plugins.entries.memory-lancedb-pro.config.extractMinMessages, plugins.entries.memory-lancedb-pro.config.extractMaxChars, plugins.entries.memory-lancedb-pro.config.sessionMemory) — deferring until 2 operation(s), 1 reply(ies), 1 embedded run(s) complete
2026-03-15T04:52:02.525Z [gateway] removed stale session lock: C:\Users\Administrator\.openclaw\agents\oc_981e24884af3ed7ed6c16c5730c9bd02\sessions\1ff0e71d-824d-4c38-a936-24de4e23180a.jsonl.lock (dead-pid)
2026-03-15T04:52:48.480Z [config/schema] possibly sensitive key found: (secrets)
2026-03-15T04:52:48.484Z [config/schema] possibly sensitive key found: (secrets.providers)
2026-03-15T04:52:48.490Z [config/schema] possibly sensitive key found: (secrets.providers.*)
2026-03-15T04:52:48.493Z [config/schema] possibly sensitive key found: (secrets.providers.*)
2026-03-15T04:52:48.496Z [config/schema] possibly sensitive key found: (secrets.providers.*.source)
2026-03-15T04:52:48.498Z [config/schema] possibly sensitive key found: (secrets.providers.*.allowlist)
2026-03-15T04:52:48.500Z [config/schema] possibly sensitive key found: (secrets.providers.*.allowlist[])
2026-03-15T04:52:48.503Z [config/schema] possibly sensitive key found: (secrets.providers.*)
2026-03-15T04:52:48.506Z [config/schema] possibly sensitive key found: (secrets.providers.*.source)
2026-03-15T04:52:48.509Z [config/schema] possibly sensitive key found: (secrets.providers.*.path)
2026-03-15T04:52:48.512Z [config/schema] possibly sensitive key found: (secrets.providers.*.mode)
2026-03-15T04:52:48.514Z [config/schema] possibly sensitive key found: (secrets.providers.*.mode)
2026-03-15T04:52:48.516Z [config/schema] possibly sensitive key found: (secrets.providers.*.mode)
2026-03-15T04:52:48.520Z [config/schema] possibly sensitive key found: (secrets.providers.*.timeoutMs)
2026-03-15T04:52:48.524Z [config/schema] possibly sensitive key found: (secrets.providers.*.maxBytes)
2026-03-15T04:52:48.526Z [config/schema] possibly sensitive key found: (secrets.providers.*)
2026-03-15T04:52:48.528Z [config/schema] possibly sensitive key found: (secrets.providers.*.source)
2026-03-15T04:52:48.530Z [config/schema] possibly sensitive key found: (secrets.providers.*.command)
2026-03-15T04:52:48.533Z [config/schema] possibly sensitive key found: (secrets.providers.*.args)
2026-03-15T04:52:48.538Z [config/schema] possibly sensitive key found: (secrets.providers.*.args[])
2026-03-15T04:52:48.541Z [config/schema] possibly sensitive key found: (secrets.providers.*.timeoutMs)
2026-03-15T04:52:48.543Z [config/schema] possibly sensitive key found: (secrets.providers.*.noOutputTimeoutMs)
2026-03-15T04:52:48.545Z [config/schema] possibly sensitive key found: (secrets.providers.*.maxOutputBytes)
2026-03-15T04:52:48.552Z [config/schema] possibly sensitive key found: (secrets.providers.*.jsonOnly)
2026-03-15T04:52:48.555Z [config/schema] possibly sensitive key found: (secrets.providers.*.env)
2026-03-15T04:52:48.558Z [config/schema] possibly sensitive key found: (secrets.providers.*.env.*)
2026-03-15T04:52:48.560Z [config/schema] possibly sensitive key found: (secrets.providers.*.passEnv)
2026-03-15T04:52:48.563Z [config/schema] possibly sensitive key found: (secrets.providers.*.passEnv[])
2026-03-15T04:52:48.566Z [config/schema] possibly sensitive key found: (secrets.providers.*.trustedDirs)
2026-03-15T04:52:48.569Z [config/schema] possibly sensitive key found: (secrets.providers.*.trustedDirs[])
2026-03-15T04:52:48.572Z [config/schema] possibly sensitive key found: (secrets.providers.*.allowInsecurePath)
2026-03-15T04:52:48.575Z [config/schema] possibly sensitive key found: (secrets.providers.*.allowSymlinkCommand)
2026-03-15T04:52:48.578Z [config/schema] possibly sensitive key found: (secrets.defaults)
2026-03-15T04:52:48.587Z [config/schema] possibly sensitive key found: (secrets.defaults.env)
2026-03-15T04:52:48.589Z [config/schema] possibly sensitive key found: (secrets.defaults.file)
2026-03-15T04:52:48.591Z [config/schema] possibly sensitive key found: (secrets.defaults.exec)
2026-03-15T04:52:48.594Z [config/schema] possibly sensitive key found: (secrets.resolution)
2026-03-15T04:52:48.599Z [config/schema] possibly sensitive key found: (secrets.resolution.maxProviderConcurrency)
2026-03-15T04:52:48.603Z [config/schema] possibly sensitive key found: (secrets.resolution.maxRefsPerProvider)
2026-03-15T04:52:48.605Z [config/schema] possibly sensitive key found: (secrets.resolution.maxBatchBytes)
2026-03-15T04:52:48.608Z [config/schema] possibly sensitive key found: (models.providers.*.apiKey.source)
2026-03-15T04:52:48.610Z [config/schema] possibly sensitive key found: (models.providers.*.apiKey.provider)
2026-03-15T04:52:48.613Z [config/schema] possibly sensitive key found: (models.providers.*.apiKey.id)
2026-03-15T04:52:48.618Z [config/schema] possibly sensitive key found: (models.providers.*.apiKey.source)
2026-03-15T04:52:48.625Z [config/schema] possibly sensitive key found: (models.providers.*.apiKey.provider)
2026-03-15T04:52:48.628Z [config/schema] possibly sensitive key found: (models.providers.*.apiKey.id)
2026-03-15T04:52:48.635Z [config/schema] possibly sensitive key found: (models.providers.*.apiKey.source)
2026-03-15T04:52:48.639Z [config/schema] possibly sensitive key found: (models.providers.*.apiKey.provider)
2026-03-15T04:52:48.644Z [config/schema] possibly sensitive key found: (models.providers.*.apiKey.id)
2026-03-15T04:52:49.785Z [config/schema] possibly sensitive key found: (skills.entries.*.apiKey.source)
2026-03-15T04:52:49.791Z [config/schema] possibly sensitive key found: (skills.entries.*.apiKey.provider)
2026-03-15T04:52:49.796Z [config/schema] possibly sensitive key found: (skills.entries.*.apiKey.id)
2026-03-15T04:52:49.799Z [config/schema] possibly sensitive key found: (skills.entries.*.apiKey.source)
2026-03-15T04:52:49.803Z [config/schema] possibly sensitive key found: (skills.entries.*.apiKey.provider)
2026-03-15T04:52:49.806Z [config/schema] possibly sensitive key found: (skills.entries.*.apiKey.id)
2026-03-15T04:52:49.811Z [config/schema] possibly sensitive key found: (skills.entries.*.apiKey.source)
2026-03-15T04:52:49.814Z [config/schema] possibly sensitive key found: (skills.entries.*.apiKey.provider)
2026-03-15T04:52:49.817Z [config/schema] possibly sensitive key found: (skills.entries.*.apiKey.id)
2026-03-15T12:56:10.438+08:00 [tools] read failed: ENOENT: no such file or directory, access 'C:\Users\Administrator\.openclaw\workspaces\DAQIAN\memory\2026-03-15.md'
2026-03-15T12:56:10.465+08:00 [tools] read failed: ENOENT: no such file or directory, access 'C:\Users\Administrator\.openclaw\workspaces\DAQIAN\memory\2026-03-14.md'
2026-03-15T12:56:10.870+08:00 [tools] read failed: ENOENT: no such file or directory, access 'C:\Users\Administrator\.openclaw\workspaces\LASER\memory\2026-03-15.md'
2026-03-15T12:56:10.889+08:00 [tools] read failed: ENOENT: no such file or directory, access 'C:\Users\Administrator\.openclaw\workspaces\LASER\memory\2026-03-14.md'
2026-03-15T04:56:35.483Z [diagnostic] lane wait exceeded: lane=session:agent:oc_981e24884af3ed7ed6c16c5730c9bd02:main waitedMs=9413 queueAhead=0
2026-03-15T13:33:21.586+08:00 [warn]: [ 'no im.chat.access_event.bot_p2p_chat_entered_v1 handle' ]
2026-03-15T13:49:56.064+08:00 [tools] browser failed: Can't reach the OpenClaw browser control service (timed out after 20000ms). Restart the OpenClaw gateway (OpenClaw.app menubar, or `openclaw gateway`). Do NOT retry the browser tool — it will keep failing. Use an alternative approach or inform the user that the browser is currently unavailable.
2026-03-15T13:53:37.413+08:00 [tools] browser failed: Can't reach the OpenClaw browser control service (timed out after 20000ms). Restart the OpenClaw gateway (OpenClaw.app menubar, or `openclaw gateway`). Do NOT retry the browser tool — it will keep failing. Use an alternative approach or inform the user that the browser is currently unavailable.
2026-03-15T13:55:48.470+08:00 [warn]: [ 'no im.chat.access_event.bot_p2p_chat_entered_v1 handle' ]
2026-03-15T16:17:06.437+08:00 [warn]: [ 'no im.chat.access_event.bot_p2p_chat_entered_v1 handle' ]
2026-03-15T16:17:26.668+08:00 [warn]: [ 'no im.chat.access_event.bot_p2p_chat_entered_v1 handle' ]
2026-03-15T16:00:00.212Z [cron] payload.model 'siliconflow/Qwen/Qwen3-30B-A3B-Instruct-2507' not allowed, falling back to agent defaults
2026-03-16T00:00:17.867+08:00 [tools] read failed: ENOENT: no such file or directory, access 'C:\Users\Administrator\.openclaw\workspaces\oc-981e-feishu-group\memory\2026-03-16.md'
2026-03-16T02:00:10.407+08:00 [tools] read failed: ENOENT: no such file or directory, access 'C:\Users\Administrator\.openclaw\workspaces\oc-981e-feishu-group\memory\2026-03-16.md'
2026-03-16T00:00:00.138Z [cron] payload.model 'siliconflow/Qwen/Qwen3-30B-A3B-Instruct-2507' not allowed, falling back to agent defaults
2026-03-16T00:00:04.186Z [gateway] memory-lancedb-pro: recall failed: Error: Embedding provider authentication failed (401: 401 status code (no body)). Check embedding.apiKey and endpoint for Jina. If your Jina key expired or lost access, replace the key or switch to a local OpenAI-compatible endpoint such as Ollama (for example baseURL http://127.0.0.1:11434/v1, with a matching model and embedding.dimensions).
2026-03-16T00:00:07.730Z [gateway] memory-lancedb-pro: recall failed: Error: Embedding provider authentication failed (401: 401 status code (no body)). Check embedding.apiKey and endpoint for Jina. If your Jina key expired or lost access, replace the key or switch to a local OpenAI-compatible endpoint such as Ollama (for example baseURL http://127.0.0.1:11434/v1, with a matching model and embedding.dimensions).
2026-03-16T08:00:14.561+08:00 [tools] read failed: ENOENT: no such file or directory, access 'C:\Users\Administrator\.openclaw\workspaces\oc-981e-feishu-group\memory\2026-03-16.md'
2026-03-16T08:32:52.688+08:00 [warn]: [ 'no im.chat.access_event.bot_p2p_chat_entered_v1 handle' ]
2026-03-16T08:35:08.785+08:00 [warn]: [ 'no im.chat.access_event.bot_p2p_chat_entered_v1 handle' ]
2026-03-16T01:00:00.039Z [cron] payload.model 'siliconflow/Qwen/Qwen3-30B-A3B-Instruct-2507' not allowed, falling back to agent defaults
2026-03-16T09:48:19.463+08:00 [warn]: [ 'no im.chat.access_event.bot_p2p_chat_entered_v1 handle' ]
2026-03-16T09:57:37.658+08:00 [warn]: [ 'no im.chat.access_event.bot_p2p_chat_entered_v1 handle' ]
2026-03-16T02:00:00.041Z [cron] payload.model 'siliconflow/Qwen/Qwen3-30B-A3B-Instruct-2507' not allowed, falling back to agent defaults
2026-03-16T10:00:20.580+08:00 [tools] web_search failed: Perplexity API error (403): {"error":{"message":"Key limit exceeded (total limit). Manage it using https://openrouter.ai/settings/keys","code":403}}
2026-03-16T10:03:51.545+08:00 (node:16376) MaxListenersExceededWarning: Possible EventTarget memory leak detected. 11 abort listeners added to [AbortSignal]. MaxListeners is 10. Use events.setMaxListeners() to increase limit
(Use `node --trace-warnings ...` to show where the warning was created)
2026-03-16T11:51:35.432+08:00 [warn]: [ 'no im.chat.access_event.bot_p2p_chat_entered_v1 handle' ]
2026-03-16T11:54:22.702+08:00 (node:16376) MaxListenersExceededWarning: Possible EventTarget memory leak detected. 11 abort listeners added to [AbortSignal]. MaxListeners is 10. Use events.setMaxListeners() to increase limit
2026-03-16T11:57:09.214+08:00 [warn]: [ 'no im.chat.access_event.bot_p2p_chat_entered_v1 handle' ]
2026-03-16T11:59:12.542+08:00 [warn]: [ 'no im.chat.access_event.bot_p2p_chat_entered_v1 handle' ]
2026-03-16T12:00:23.294+08:00 [tools] web_search failed: Perplexity API error (403): {"error":{"message":"Key limit exceeded (total limit). Manage it using https://openrouter.ai/settings/keys","code":403}}
2026-03-16T12:06:35.407+08:00 (node:16376) MaxListenersExceededWarning: Possible EventTarget memory leak detected. 11 abort listeners added to [AbortSignal]. MaxListeners is 10. Use events.setMaxListeners() to increase limit
2026-03-16T17:05:33.820+08:00 [warn]: [ 'no im.chat.access_event.bot_p2p_chat_entered_v1 handle' ]
2026-03-16T17:06:15.857+08:00 [warn]: [ 'no im.chat.access_event.bot_p2p_chat_entered_v1 handle' ]
2026-03-16T17:07:57.721+08:00 [warn]: [ 'no im.chat.access_event.bot_p2p_chat_entered_v1 handle' ]
2026-03-16T18:10:37.341+08:00 [warn]: [ 'no im.chat.access_event.bot_p2p_chat_entered_v1 handle' ]
2026-03-16T18:23:39.591+08:00 [tools] read failed: ENOENT: no such file or directory, access 'C:\Users\Administrator\AppData\Local\Temp\camoufox-js-audit-00000000-0000-0000-0000-000000000000\package\package.json'
2026-03-16T19:25:35.876+08:00 [warn]: [ 'no im.chat.access_event.bot_p2p_chat_entered_v1 handle' ]
2026-03-16T19:29:33.060+08:00 [warn]: [ 'no im.chat.access_event.bot_p2p_chat_entered_v1 handle' ]
2026-03-16T19:31:03.180+08:00 (node:16376) MaxListenersExceededWarning: Possible EventTarget memory leak detected. 11 abort listeners added to [AbortSignal]. MaxListeners is 10. Use events.setMaxListeners() to increase limit
2026-03-16T20:15:54.096+08:00 Rerank API timed out (5s), falling back to cosine
2026-03-16T20:15:59.428+08:00 [warn]: [ 'no im.chat.access_event.bot_p2p_chat_entered_v1 handle' ]
2026-03-16T22:13:44.091+08:00 [warn]: [ 'no im.chat.access_event.bot_p2p_chat_entered_v1 handle' ]
2026-03-16T22:14:04.294+08:00 [warn]: [ 'no im.chat.access_event.bot_p2p_chat_entered_v1 handle' ]
2026-03-16T22:34:24.076+08:00 [tools] browser failed: TimeoutError: locator.click: Timeout 8000ms exceeded.
Call log:
[2m  - waiting for locator('aria-ref=ax521')[22m

2026-03-16T22:39:46.415+08:00 Rerank API timed out (5s), falling back to cosine
2026-03-16T16:00:00.097Z [cron] payload.model 'siliconflow/Qwen/Qwen3-30B-A3B-Instruct-2507' not allowed, falling back to agent defaults
2026-03-17T00:00:12.789+08:00 [tools] read failed: ENOENT: no such file or directory, access 'C:\Users\Administrator\.openclaw\workspaces\oc-981e-feishu-group\memory\2026-03-17.md'
2026-03-17T00:07:00.410+08:00 [warn]: [ 'no im.chat.access_event.bot_p2p_chat_entered_v1 handle' ]
2026-03-17T05:59:24.220+08:00 [warn]: [ 'no im.chat.access_event.bot_p2p_chat_entered_v1 handle' ]
2026-03-17T00:00:00.086Z [cron] payload.model 'siliconflow/Qwen/Qwen3-30B-A3B-Instruct-2507' not allowed, falling back to agent defaults
2026-03-17T00:00:03.973Z [gateway] memory-lancedb-pro: recall failed: Error: Embedding provider authentication failed (401: 401 status code (no body)). Check embedding.apiKey and endpoint for Jina. If your Jina key expired or lost access, replace the key or switch to a local OpenAI-compatible endpoint such as Ollama (for example baseURL http://127.0.0.1:11434/v1, with a matching model and embedding.dimensions).
2026-03-17T00:00:07.582Z [gateway] memory-lancedb-pro: recall failed: Error: Embedding provider authentication failed (401: 401 status code (no body)). Check embedding.apiKey and endpoint for Jina. If your Jina key expired or lost access, replace the key or switch to a local OpenAI-compatible endpoint such as Ollama (for example baseURL http://127.0.0.1:11434/v1, with a matching model and embedding.dimensions).
2026-03-17T00:42:20.719Z [diagnostic] lane wait exceeded: lane=session:agent:oc_981e24884af3ed7ed6c16c5730c9bd02:main waitedMs=20034 queueAhead=0
2026-03-17T08:43:41.926+08:00 [warn]: [ 'no im.chat.access_event.bot_p2p_chat_entered_v1 handle' ]
2026-03-17T01:00:00.283Z [cron] payload.model 'siliconflow/Qwen/Qwen3-30B-A3B-Instruct-2507' not allowed, falling back to agent defaults
2026-03-17T09:35:33.573+08:00 [warn]: [ 'no im.chat.access_event.bot_p2p_chat_entered_v1 handle' ]
2026-03-17T09:35:59.087+08:00 [tools] web_search failed: Perplexity API error (403): {"error":{"message":"Key limit exceeded (total limit). Manage it using https://openrouter.ai/settings/keys","code":403}}
2026-03-17T11:50:55.198+08:00 (node:16376) MaxListenersExceededWarning: Possible EventTarget memory leak detected. 11 abort listeners added to [AbortSignal]. MaxListeners is 10. Use events.setMaxListeners() to increase limit
2026-03-17T11:54:25.873+08:00 [tools] read failed: ENOENT: no such file or directory, access 'C:\Users\Administrator\AppData\Roaming\npm\node_modules\openclaw\extensions\feishu\skills\coding-agent\SKILL.md'
2026-03-17T11:55:42.368+08:00 (node:16376) MaxListenersExceededWarning: Possible EventTarget memory leak detected. 11 abort listeners added to [AbortSignal]. MaxListeners is 10. Use events.setMaxListeners() to increase limit
2026-03-17T11:57:34.512+08:00 [tools] read failed: ENOENT: no such file or directory, access 'C:\Users\Administrator\.openclaw\workspaces\oc-981e-feishu-group\tmp-camoufox-cli-test\repo\debug_import.log'
2026-03-17T13:44:35.169+08:00 (node:16376) MaxListenersExceededWarning: Possible EventTarget memory leak detected. 11 abort listeners added to [AbortSignal]. MaxListeners is 10. Use events.setMaxListeners() to increase limit
2026-03-17T13:59:28.901+08:00 [warn]: [ 'no im.chat.access_event.bot_p2p_chat_entered_v1 handle' ]
2026-03-17T14:02:29.432+08:00 (node:16376) MaxListenersExceededWarning: Possible EventTarget memory leak detected. 11 abort listeners added to [AbortSignal]. MaxListeners is 10. Use events.setMaxListeners() to increase limit
2026-03-17T14:09:07.801+08:00 [warn]: [ 'no im.chat.access_event.bot_p2p_chat_entered_v1 handle' ]
2026-03-17T14:10:23.406+08:00 [tools] edit failed: No changes made to C:\Users\Administrator\.openclaw\workspaces\oc-981e-feishu-group\tmp-camoufox-cli-test\repo\src\camoufox_cli\server.py. The replacement produced identical content. This might indicate an issue with special characters or the text not existing as expected.
2026-03-17T14:10:37.194+08:00 (node:16376) MaxListenersExceededWarning: Possible EventTarget memory leak detected. 11 abort listeners added to [AbortSignal]. MaxListeners is 10. Use events.setMaxListeners() to increase limit
2026-03-17T14:11:00.084+08:00 [tools] edit failed: No changes made to C:\Users\Administrator\.openclaw\workspaces\oc-981e-feishu-group\tmp-camoufox-cli-test\repo\src\camoufox_cli\server.py. The replacement produced identical content. This might indicate an issue with special characters or the text not existing as expected.
2026-03-17T14:24:20.290+08:00 [warn]: [ 'no im.chat.access_event.bot_p2p_chat_entered_v1 handle' ]
2026-03-17T14:25:35.718+08:00 [warn]: [ 'no im.chat.access_event.bot_p2p_chat_entered_v1 handle' ]
2026-03-17T16:21:52.895+08:00 (node:16376) MaxListenersExceededWarning: Possible EventTarget memory leak detected. 11 abort listeners added to [AbortSignal]. MaxListeners is 10. Use events.setMaxListeners() to increase limit
2026-03-17T16:39:26.907+08:00 (node:16376) MaxListenersExceededWarning: Possible EventTarget memory leak detected. 11 abort listeners added to [AbortSignal]. MaxListeners is 10. Use events.setMaxListeners() to increase limit
2026-03-17T16:47:40.796+08:00 [warn]: [ 'no im.chat.access_event.bot_p2p_chat_entered_v1 handle' ]
2026-03-17T16:48:42.454+08:00 [tools] browser failed: Can't reach the OpenClaw browser control service (timed out after 15000ms). Restart the OpenClaw gateway (OpenClaw.app menubar, or `openclaw gateway`). Do NOT retry the browser tool — it will keep failing. Use an alternative approach or inform the user that the browser is currently unavailable.
2026-03-17T17:24:32.984+08:00 [warn]: [ 'no im.chat.access_event.bot_p2p_chat_entered_v1 handle' ]
2026-03-17T17:26:13.034+08:00 [tools] browser failed: Can't reach the OpenClaw browser control service (timed out after 15000ms). Restart the OpenClaw gateway (OpenClaw.app menubar, or `openclaw gateway`). Do NOT retry the browser tool — it will keep failing. Use an alternative approach or inform the user that the browser is currently unavailable.
2026-03-17T17:30:27.936+08:00 [warn]: [ 'no im.chat.access_event.bot_p2p_chat_entered_v1 handle' ]
2026-03-17T09:45:29.337Z [gateway] removed stale session lock: C:\Users\Administrator\.openclaw\agents\oc_981e24884af3ed7ed6c16c5730c9bd02\sessions\02dab7ed-0cef-438d-a9a3-f8a311115123.jsonl.lock (dead-pid)
2026-03-17T10:00:34.725Z [config/schema] possibly sensitive key found: (secrets)
2026-03-17T10:00:34.732Z [config/schema] possibly sensitive key found: (secrets.providers)
2026-03-17T10:00:34.737Z [config/schema] possibly sensitive key found: (secrets.providers.*)
2026-03-17T10:00:34.743Z [config/schema] possibly sensitive key found: (secrets.providers.*)
2026-03-17T10:00:34.747Z [config/schema] possibly sensitive key found: (secrets.providers.*.source)
2026-03-17T10:00:34.753Z [config/schema] possibly sensitive key found: (secrets.providers.*.allowlist)
2026-03-17T10:00:34.758Z [config/schema] possibly sensitive key found: (secrets.providers.*.allowlist[])
2026-03-17T10:00:34.761Z [config/schema] possibly sensitive key found: (secrets.providers.*)
2026-03-17T10:00:34.764Z [config/schema] possibly sensitive key found: (secrets.providers.*.source)
2026-03-17T10:00:34.768Z [config/schema] possibly sensitive key found: (secrets.providers.*.path)
2026-03-17T10:00:34.771Z [config/schema] possibly sensitive key found: (secrets.providers.*.mode)
2026-03-17T10:00:34.774Z [config/schema] possibly sensitive key found: (secrets.providers.*.mode)
2026-03-17T10:00:34.776Z [config/schema] possibly sensitive key found: (secrets.providers.*.mode)
2026-03-17T10:00:34.779Z [config/schema] possibly sensitive key found: (secrets.providers.*.timeoutMs)
2026-03-17T10:00:34.783Z [config/schema] possibly sensitive key found: (secrets.providers.*.maxBytes)
2026-03-17T10:00:34.787Z [config/schema] possibly sensitive key found: (secrets.providers.*)
2026-03-17T10:00:34.791Z [config/schema] possibly sensitive key found: (secrets.providers.*.source)
2026-03-17T10:00:34.794Z [config/schema] possibly sensitive key found: (secrets.providers.*.command)
2026-03-17T10:00:34.797Z [config/schema] possibly sensitive key found: (secrets.providers.*.args)
2026-03-17T10:00:34.801Z [config/schema] possibly sensitive key found: (secrets.providers.*.args[])
2026-03-17T10:00:34.805Z [config/schema] possibly sensitive key found: (secrets.providers.*.timeoutMs)
2026-03-17T10:00:34.808Z [config/schema] possibly sensitive key found: (secrets.providers.*.noOutputTimeoutMs)
2026-03-17T10:00:34.811Z [config/schema] possibly sensitive key found: (secrets.providers.*.maxOutputBytes)
2026-03-17T10:00:34.813Z [config/schema] possibly sensitive key found: (secrets.providers.*.jsonOnly)
2026-03-17T10:00:34.817Z [config/schema] possibly sensitive key found: (secrets.providers.*.env)
2026-03-17T10:00:34.820Z [config/schema] possibly sensitive key found: (secrets.providers.*.env.*)
2026-03-17T10:00:34.823Z [config/schema] possibly sensitive key found: (secrets.providers.*.passEnv)
2026-03-17T10:00:34.838Z [config/schema] possibly sensitive key found: (secrets.providers.*.passEnv[])
2026-03-17T10:00:34.841Z [config/schema] possibly sensitive key found: (secrets.providers.*.trustedDirs)
2026-03-17T10:00:34.845Z [config/schema] possibly sensitive key found: (secrets.providers.*.trustedDirs[])
2026-03-17T10:00:34.851Z [config/schema] possibly sensitive key found: (secrets.providers.*.allowInsecurePath)
2026-03-17T10:00:34.855Z [config/schema] possibly sensitive key found: (secrets.providers.*.allowSymlinkCommand)
2026-03-17T10:00:34.859Z [config/schema] possibly sensitive key found: (secrets.defaults)
2026-03-17T10:00:34.864Z [config/schema] possibly sensitive key found: (secrets.defaults.env)
2026-03-17T10:00:34.868Z [config/schema] possibly sensitive key found: (secrets.defaults.file)
2026-03-17T10:00:34.871Z [config/schema] possibly sensitive key found: (secrets.defaults.exec)
2026-03-17T10:00:34.874Z [config/schema] possibly sensitive key found: (secrets.resolution)
2026-03-17T10:00:34.877Z [config/schema] possibly sensitive key found: (secrets.resolution.maxProviderConcurrency)
2026-03-17T10:00:34.882Z [config/schema] possibly sensitive key found: (secrets.resolution.maxRefsPerProvider)
2026-03-17T10:00:34.887Z [config/schema] possibly sensitive key found: (secrets.resolution.maxBatchBytes)
2026-03-17T10:00:34.893Z [config/schema] possibly sensitive key found: (models.providers.*.apiKey.source)
2026-03-17T10:00:34.899Z [config/schema] possibly sensitive key found: (models.providers.*.apiKey.provider)
2026-03-17T10:00:34.904Z [config/schema] possibly sensitive key found: (models.providers.*.apiKey.id)
2026-03-17T10:00:34.909Z [config/schema] possibly sensitive key found: (models.providers.*.apiKey.source)
2026-03-17T10:00:34.916Z [config/schema] possibly sensitive key found: (models.providers.*.apiKey.provider)
2026-03-17T10:00:34.920Z [config/schema] possibly sensitive key found: (models.providers.*.apiKey.id)
2026-03-17T10:00:34.924Z [config/schema] possibly sensitive key found: (models.providers.*.apiKey.source)
2026-03-17T10:00:34.929Z [config/schema] possibly sensitive key found: (models.providers.*.apiKey.provider)
2026-03-17T10:00:34.933Z [config/schema] possibly sensitive key found: (models.providers.*.apiKey.id)
2026-03-17T10:00:37.100Z [config/schema] possibly sensitive key found: (skills.entries.*.apiKey.source)
2026-03-17T10:00:37.104Z [config/schema] possibly sensitive key found: (skills.entries.*.apiKey.provider)
2026-03-17T10:00:37.107Z [config/schema] possibly sensitive key found: (skills.entries.*.apiKey.id)
2026-03-17T10:00:37.112Z [config/schema] possibly sensitive key found: (skills.entries.*.apiKey.source)
2026-03-17T10:00:37.119Z [config/schema] possibly sensitive key found: (skills.entries.*.apiKey.provider)
2026-03-17T10:00:37.123Z [config/schema] possibly sensitive key found: (skills.entries.*.apiKey.id)
2026-03-17T10:00:37.129Z [config/schema] possibly sensitive key found: (skills.entries.*.apiKey.source)
2026-03-17T10:00:37.135Z [config/schema] possibly sensitive key found: (skills.entries.*.apiKey.provider)
2026-03-17T10:00:37.139Z [config/schema] possibly sensitive key found: (skills.entries.*.apiKey.id)
2026-03-17T18:03:21.695+08:00 [warn]: [ 'no im.chat.access_event.bot_p2p_chat_entered_v1 handle' ]
2026-03-17T18:05:15.672+08:00 [warn]: [ 'no im.chat.access_event.bot_p2p_chat_entered_v1 handle' ]
2026-03-17T18:10:00.382+08:00 [tools] browser failed: Error: tab not found
2026-03-17T18:10:23.134+08:00 [tools] browser failed: Error: tab not found
2026-03-17T19:32:45.635+08:00 [warn]: [ 'no im.chat.access_event.bot_p2p_chat_entered_v1 handle' ]
2026-03-17T11:33:39.069Z [diagnostic] lane wait exceeded: lane=main waitedMs=10804 queueAhead=0
2026-03-17T19:33:39.822+08:00 (node:33512) MaxListenersExceededWarning: Possible EventTarget memory leak detected. 11 abort listeners added to [AbortSignal]. MaxListeners is 10. Use events.setMaxListeners() to increase limit
(Use `node --trace-warnings ...` to show where the warning was created)
2026-03-17T19:34:39.902+08:00 [warn]: [ 'no im.chat.access_event.bot_p2p_chat_entered_v1 handle' ]
2026-03-17T19:37:48.505+08:00 [warn]: [ 'no im.chat.access_event.bot_p2p_chat_entered_v1 handle' ]
2026-03-17T19:39:49.660+08:00 [warn]: [ 'no im.chat.access_event.bot_p2p_chat_entered_v1 handle' ]
2026-03-17T19:42:07.681+08:00 (node:33512) MaxListenersExceededWarning: Possible EventTarget memory leak detected. 11 abort listeners added to [AbortSignal]. MaxListeners is 10. Use events.setMaxListeners() to increase limit
2026-03-17T19:43:14.867+08:00 [warn]: [ 'no im.chat.access_event.bot_p2p_chat_entered_v1 handle' ]
2026-03-17T11:45:21.669Z [diagnostic] lane wait exceeded: lane=session:agent:oc_981e24884af3ed7ed6c16c5730c9bd02:main waitedMs=10480 queueAhead=0
2026-03-17T19:46:15.913+08:00 [warn]: [ 'no im.chat.access_event.bot_p2p_chat_entered_v1 handle' ]
2026-03-17T20:02:47.258+08:00 [warn]: [ 'no im.chat.access_event.bot_p2p_chat_entered_v1 handle' ]
2026-03-17T20:19:24.976+08:00 [warn]: [ 'no im.chat.access_event.bot_p2p_chat_entered_v1 handle' ]
2026-03-17T20:20:01.963+08:00 [warn]: [ 'no im.chat.access_event.bot_p2p_chat_entered_v1 handle' ]
2026-03-17T20:36:52.144+08:00 (node:33512) MaxListenersExceededWarning: Possible EventTarget memory leak detected. 11 abort listeners added to [AbortSignal]. MaxListeners is 10. Use events.setMaxListeners() to increase limit
2026-03-17T20:42:00.387+08:00 [warn]: [ 'no im.chat.access_event.bot_p2p_chat_entered_v1 handle' ]
2026-03-17T20:42:17.093+08:00 [warn]: [ 'no im.chat.access_event.bot_p2p_chat_entered_v1 handle' ]
2026-03-17T20:42:55.610+08:00 [warn]: [ 'no im.chat.access_event.bot_p2p_chat_entered_v1 handle' ]
2026-03-17T20:45:46.373+08:00 (node:33512) MaxListenersExceededWarning: Possible EventTarget memory leak detected. 11 abort listeners added to [AbortSignal]. MaxListeners is 10. Use events.setMaxListeners() to increase limit
2026-03-17T21:02:05.838+08:00 Gateway failed to start: gateway already running (pid 33512); lock timeout after 5000ms
If the gateway is supervised, stop it with: openclaw gateway stop
2026-03-17T21:02:06.255+08:00 Gateway service appears registered. Stop it first.
2026-03-17T21:02:06.270+08:00 Tip: openclaw gateway stop
2026-03-17T21:02:06.274+08:00 Or: schtasks /End /TN "OpenClaw Gateway"
2026-03-17T21:21:41.012+08:00 Gateway failed to start: gateway already running (pid 30852); lock timeout after 5000ms
If the gateway is supervised, stop it with: openclaw gateway stop
2026-03-17T21:21:41.146+08:00 Gateway service appears registered. Stop it first.
2026-03-17T21:21:41.150+08:00 Tip: openclaw gateway stop
2026-03-17T21:21:41.155+08:00 Or: schtasks /End /TN "OpenClaw Gateway"
2026-03-17T21:57:20.275+08:00 Gateway failed to start: gateway already running (pid 34872); lock timeout after 5000ms
If the gateway is supervised, stop it with: openclaw gateway stop
2026-03-17T21:57:20.521+08:00 Gateway service appears registered. Stop it first.
2026-03-17T21:57:20.528+08:00 Tip: openclaw gateway stop
2026-03-17T21:57:20.532+08:00 Or: schtasks /End /TN "OpenClaw Gateway"
2026-03-17T21:58:41.134+08:00 Gateway failed to start: gateway already running; lock timeout after 5000ms
If the gateway is supervised, stop it with: openclaw gateway stop
2026-03-17T21:58:41.250+08:00 Gateway service appears registered. Stop it first.
2026-03-17T21:58:41.255+08:00 Tip: openclaw gateway stop
2026-03-17T21:58:41.260+08:00 Or: schtasks /End /TN "OpenClaw Gateway"
2026-03-17T21:59:05.752+08:00 Gateway failed to start: gateway already running; lock timeout after 5000ms
If the gateway is supervised, stop it with: openclaw gateway stop
2026-03-17T21:59:05.862+08:00 Gateway service appears registered. Stop it first.
2026-03-17T21:59:05.866+08:00 Tip: openclaw gateway stop
2026-03-17T21:59:05.870+08:00 Or: schtasks /End /TN "OpenClaw Gateway"
2026-03-17T22:13:49.066+08:00 Gateway failed to start: gateway already running (pid 6616); lock timeout after 5000ms
If the gateway is supervised, stop it with: openclaw gateway stop
2026-03-17T22:13:49.473+08:00 Gateway service appears registered. Stop it first.
2026-03-17T22:13:49.477+08:00 Tip: openclaw gateway stop
2026-03-17T22:13:49.482+08:00 Or: schtasks /End /TN "OpenClaw Gateway"
2026-03-17T22:15:56.520+08:00 [memory] embeddings rate limited; retrying in 544ms
2026-03-17T22:15:58.895+08:00 [memory] embeddings rate limited; retrying in 1001ms
2026-03-17T22:16:01.874+08:00 [memory] embeddings rate limited; retrying in 2255ms
2026-03-17T22:16:33.836+08:00 [agent/embedded] embedded run agent end: runId=5b7f6dc9-6413-4f41-8a36-6923bf02830c isError=true model=gpt-5.4 provider=2603 error=⚠️ API rate limit reached. Please try again later.
2026-03-17T22:16:37.349+08:00 [agent/embedded] embedded run agent end: runId=5b7f6dc9-6413-4f41-8a36-6923bf02830c isError=true model=gpt-5.4 provider=2603 error=⚠️ API rate limit reached. Please try again later.
2026-03-17T22:16:42.821+08:00 [agent/embedded] embedded run agent end: runId=5b7f6dc9-6413-4f41-8a36-6923bf02830c isError=true model=gpt-5.4 provider=2603 error=⚠️ API rate limit reached. Please try again later.
2026-03-17T22:16:52.688+08:00 [agent/embedded] embedded run agent end: runId=5b7f6dc9-6413-4f41-8a36-6923bf02830c isError=true model=gpt-5.4 provider=2603 error=⚠️ API rate limit reached. Please try again later.
2026-03-17T22:16:52.846+08:00 [agent/embedded] embedded run failover decision: runId=5b7f6dc9-6413-4f41-8a36-6923bf02830c stage=assistant decision=fallback_model reason=rate_limit provider=2603/gpt-5.4 profile=-
2026-03-17T22:16:52.858+08:00 [diagnostic] lane task error: lane=main durationMs=22851 error="FailoverError: ⚠️ API rate limit reached. Please try again later."
2026-03-17T22:16:52.867+08:00 [diagnostic] lane task error: lane=session:agent:oc_981e24884af3ed7ed6c16c5730c9bd02:main durationMs=22875 error="FailoverError: ⚠️ API rate limit reached. Please try again later."
2026-03-17T22:16:52.881+08:00 [model-fallback/decision] model fallback decision: decision=candidate_failed requested=2603/gpt-5.4 candidate=2603/gpt-5.4 reason=rate_limit next=openrouter/stepfun/step-3.5-flash:free
2026-03-17T22:17:16.205+08:00 [warn]: [ 'no im.chat.access_event.bot_p2p_chat_entered_v1 handle' ]
2026-03-17T22:21:00.042+08:00 [gateway] removed stale session lock: C:\Users\Administrator\.openclaw\agents\oc_981e24884af3ed7ed6c16c5730c9bd02\sessions\cb99b2bb-a2ef-4611-943f-22f0efece099.jsonl.lock (dead-pid)
2026-03-17T22:21:04.998+08:00 [ws] handshake timeout conn=541bba4f-febd-4a6f-9a9a-02c960cddf79 remote=127.0.0.1
2026-03-17T22:21:05.576+08:00 [ws] closed before connect conn=541bba4f-febd-4a6f-9a9a-02c960cddf79 remote=127.0.0.1 fwd=n/a origin=http://127.0.0.1:18789 host=127.0.0.1:18789 ua=Mozilla/5.0 (Windows NT 10.0; Win64; x64) AppleWebKit/537.36 (KHTML, like Gecko) Chrome/145.0.0.0 Safari/537.36 code=1006 reason=n/a
2026-03-17T22:21:34.935+08:00 [agent/embedded] embedded run agent end: runId=40522dc0-7af9-4ecc-a87d-f7ca616c3e3f isError=true model=gpt-5.4 provider=2603 error=⚠️ API rate limit reached. Please try again later.
2026-03-17T22:21:38.804+08:00 [agent/embedded] embedded run agent end: runId=40522dc0-7af9-4ecc-a87d-f7ca616c3e3f isError=true model=gpt-5.4 provider=2603 error=⚠️ API rate limit reached. Please try again later.
2026-03-17T22:21:44.512+08:00 [agent/embedded] embedded run agent end: runId=40522dc0-7af9-4ecc-a87d-f7ca616c3e3f isError=true model=gpt-5.4 provider=2603 error=⚠️ API rate limit reached. Please try again later.
2026-03-17T22:21:54.585+08:00 [agent/embedded] embedded run agent end: runId=40522dc0-7af9-4ecc-a87d-f7ca616c3e3f isError=true model=gpt-5.4 provider=2603 error=⚠️ API rate limit reached. Please try again later.
2026-03-17T22:21:54.780+08:00 [agent/embedded] embedded run failover decision: runId=40522dc0-7af9-4ecc-a87d-f7ca616c3e3f stage=assistant decision=fallback_model reason=rate_limit provider=2603/gpt-5.4 profile=-
2026-03-17T22:21:54.792+08:00 [diagnostic] lane task error: lane=main durationMs=23082 error="FailoverError: ⚠️ API rate limit reached. Please try again later."
2026-03-17T22:21:54.798+08:00 [diagnostic] lane task error: lane=session:agent:oc_981e24884af3ed7ed6c16c5730c9bd02:main durationMs=23105 error="FailoverError: ⚠️ API rate limit reached. Please try again later."
2026-03-17T22:21:54.828+08:00 [model-fallback/decision] model fallback decision: decision=candidate_failed requested=2603/gpt-5.4 candidate=2603/gpt-5.4 reason=rate_limit next=openrouter/stepfun/step-3.5-flash:free
2026-03-17T22:22:52.685+08:00 Rerank API timed out (5s), falling back to cosine
2026-03-17T22:23:08.226+08:00 [model-fallback/decision] model fallback decision: decision=candidate_succeeded requested=2603/gpt-5.4 candidate=openrouter/stepfun/step-3.5-flash:free reason=unknown next=none
2026-03-17T22:23:15.502+08:00 [agent/embedded] embedded run agent end: runId=259465b2-9334-4845-bb61-2849f1bcef9e isError=true model=gpt-5.4 provider=2603 error=⚠️ API rate limit reached. Please try again later.
2026-03-17T22:23:19.281+08:00 [agent/embedded] embedded run agent end: runId=259465b2-9334-4845-bb61-2849f1bcef9e isError=true model=gpt-5.4 provider=2603 error=⚠️ API rate limit reached. Please try again later.
2026-03-17T22:23:25.530+08:00 [agent/embedded] embedded run agent end: runId=259465b2-9334-4845-bb61-2849f1bcef9e isError=true model=gpt-5.4 provider=2603 error=⚠️ API rate limit reached. Please try again later.
2026-03-17T22:23:35.222+08:00 [agent/embedded] embedded run agent end: runId=259465b2-9334-4845-bb61-2849f1bcef9e isError=true model=gpt-5.4 provider=2603 error=⚠️ API rate limit reached. Please try again later.
2026-03-17T22:23:35.274+08:00 [agent/embedded] embedded run failover decision: runId=259465b2-9334-4845-bb61-2849f1bcef9e stage=assistant decision=fallback_model reason=rate_limit provider=2603/gpt-5.4 profile=-
2026-03-17T22:23:35.278+08:00 [diagnostic] lane task error: lane=main durationMs=26577 error="FailoverError: ⚠️ API rate limit reached. Please try again later."
2026-03-17T22:23:35.283+08:00 [diagnostic] lane task error: lane=session:agent:oc_981e24884af3ed7ed6c16c5730c9bd02:main durationMs=26604 error="FailoverError: ⚠️ API rate limit reached. Please try again later."
2026-03-17T22:23:35.290+08:00 [model-fallback/decision] model fallback decision: decision=candidate_failed requested=2603/gpt-5.4 candidate=2603/gpt-5.4 reason=rate_limit next=openrouter/stepfun/step-3.5-flash:free
2026-03-17T22:23:44.501+08:00 [model-fallback/decision] model fallback decision: decision=candidate_succeeded requested=2603/gpt-5.4 candidate=openrouter/stepfun/step-3.5-flash:free reason=unknown next=none
2026-03-17T22:24:08.728+08:00 [agent/embedded] embedded run agent end: runId=3a296f4d-94d3-43f6-9890-6a5a9508aed7 isError=true model=gpt-5.4 provider=2603 error=⚠️ API rate limit reached. Please try again later.
2026-03-17T22:24:12.521+08:00 [agent/embedded] embedded run agent end: runId=3a296f4d-94d3-43f6-9890-6a5a9508aed7 isError=true model=gpt-5.4 provider=2603 error=⚠️ API rate limit reached. Please try again later.
2026-03-17T22:24:18.241+08:00 [agent/embedded] embedded run agent end: runId=3a296f4d-94d3-43f6-9890-6a5a9508aed7 isError=true model=gpt-5.4 provider=2603 error=⚠️ API rate limit reached. Please try again later.
2026-03-17T22:24:27.908+08:00 [agent/embedded] embedded run agent end: runId=3a296f4d-94d3-43f6-9890-6a5a9508aed7 isError=true model=gpt-5.4 provider=2603 error=⚠️ API rate limit reached. Please try again later.
2026-03-17T22:24:27.963+08:00 [agent/embedded] embedded run failover decision: runId=3a296f4d-94d3-43f6-9890-6a5a9508aed7 stage=assistant decision=fallback_model reason=rate_limit provider=2603/gpt-5.4 profile=-
2026-03-17T22:24:27.968+08:00 [diagnostic] lane task error: lane=main durationMs=23581 error="FailoverError: ⚠️ API rate limit reached. Please try again later."
2026-03-17T22:24:27.972+08:00 [diagnostic] lane task error: lane=session:agent:oc_981e24884af3ed7ed6c16c5730c9bd02:main durationMs=23590 error="FailoverError: ⚠️ API rate limit reached. Please try again later."
2026-03-17T22:24:27.982+08:00 [model-fallback/decision] model fallback decision: decision=candidate_failed requested=2603/gpt-5.4 candidate=2603/gpt-5.4 reason=rate_limit next=openrouter/stepfun/step-3.5-flash:free
2026-03-17T22:24:33.175+08:00 Rerank API timed out (5s), falling back to cosine
2026-03-17T22:24:59.112+08:00 [model-fallback/decision] model fallback decision: decision=candidate_succeeded requested=2603/gpt-5.4 candidate=openrouter/stepfun/step-3.5-flash:free reason=unknown next=none
2026-03-17T22:25:38.550+08:00 [agent/embedded] embedded run agent end: runId=d987d8b4-0b25-460f-be21-2330dfe6c934 isError=true model=gpt-5.4 provider=2603 error=⚠️ API rate limit reached. Please try again later.
2026-03-17T22:25:42.136+08:00 [agent/embedded] embedded run agent end: runId=d987d8b4-0b25-460f-be21-2330dfe6c934 isError=true model=gpt-5.4 provider=2603 error=⚠️ API rate limit reached. Please try again later.
2026-03-17T22:25:47.564+08:00 [agent/embedded] embedded run agent end: runId=d987d8b4-0b25-460f-be21-2330dfe6c934 isError=true model=gpt-5.4 provider=2603 error=⚠️ API rate limit reached. Please try again later.
2026-03-17T22:25:57.192+08:00 [agent/embedded] embedded run agent end: runId=d987d8b4-0b25-460f-be21-2330dfe6c934 isError=true model=gpt-5.4 provider=2603 error=⚠️ API rate limit reached. Please try again later.
2026-03-17T22:25:57.246+08:00 [agent/embedded] embedded run failover decision: runId=d987d8b4-0b25-460f-be21-2330dfe6c934 stage=assistant decision=fallback_model reason=rate_limit provider=2603/gpt-5.4 profile=-
2026-03-17T22:25:57.252+08:00 [diagnostic] lane task error: lane=main durationMs=23839 error="FailoverError: ⚠️ API rate limit reached. Please try again later."
2026-03-17T22:25:57.332+08:00 [diagnostic] lane task error: lane=session:agent:oc_981e24884af3ed7ed6c16c5730c9bd02:main durationMs=23856 error="FailoverError: ⚠️ API rate limit reached. Please try again later."
2026-03-17T22:25:57.364+08:00 [model-fallback/decision] model fallback decision: decision=candidate_failed requested=2603/gpt-5.4 candidate=2603/gpt-5.4 reason=rate_limit next=openrouter/stepfun/step-3.5-flash:free
2026-03-17T22:26:36.817+08:00 [tools] gateway failed: raw required
2026-03-17T22:26:47.713+08:00 [config/redaction] Redacted config array key agents.list[].model.fallbacks[] has been truncated
2026-03-17T22:26:47.716+08:00 [config/redaction] Redacted config array key agents.list[].model.fallbacks[] has been truncated
2026-03-17T22:26:47.721+08:00 [config/redaction] Redacted config array key agents.list[].model.fallbacks[] has been truncated
2026-03-17T22:26:47.839+08:00 Config overwrite: C:\Users\Administrator\.openclaw\openclaw.json (sha256 4e1b2475e75889c948b5469570f8050afea50fdaa4e34cfc5e8e2cbea98330fd -> b06b33052b34ecee480558e43b8a92436c9ff4b5ecaeb090bbd69ff340c53023, backup=C:\Users\Administrator\.openclaw\openclaw.json.bak, changedPaths=6)
2026-03-17T22:27:06.194+08:00 [model-fallback/decision] model fallback decision: decision=candidate_succeeded requested=2603/gpt-5.4 candidate=openrouter/stepfun/step-3.5-flash:free reason=unknown next=none
2026-03-17T22:30:24.975+08:00 [agent/embedded] embedded run agent end: runId=4af22b8e-92d4-4738-a172-3f7e3b5ed46e isError=true model=gpt-5.4 provider=2603 error=⚠️ API rate limit reached. Please try again later.
2026-03-17T22:30:28.447+08:00 [agent/embedded] embedded run agent end: runId=4af22b8e-92d4-4738-a172-3f7e3b5ed46e isError=true model=gpt-5.4 provider=2603 error=⚠️ API rate limit reached. Please try again later.
2026-03-17T22:30:33.953+08:00 [agent/embedded] embedded run agent end: runId=4af22b8e-92d4-4738-a172-3f7e3b5ed46e isError=true model=gpt-5.4 provider=2603 error=⚠️ API rate limit reached. Please try again later.
2026-03-17T22:30:43.494+08:00 [agent/embedded] embedded run agent end: runId=4af22b8e-92d4-4738-a172-3f7e3b5ed46e isError=true model=gpt-5.4 provider=2603 error=⚠️ API rate limit reached. Please try again later.
2026-03-17T22:30:43.543+08:00 [agent/embedded] embedded run failover decision: runId=4af22b8e-92d4-4738-a172-3f7e3b5ed46e stage=assistant decision=fallback_model reason=rate_limit provider=2603/gpt-5.4 profile=-
2026-03-17T22:30:43.553+08:00 [diagnostic] lane task error: lane=main durationMs=23776 error="FailoverError: ⚠️ API rate limit reached. Please try again later."
2026-03-17T22:30:43.562+08:00 [diagnostic] lane task error: lane=session:agent:oc_981e24884af3ed7ed6c16c5730c9bd02:main durationMs=23792 error="FailoverError: ⚠️ API rate limit reached. Please try again later."
2026-03-17T22:30:43.576+08:00 [model-fallback/decision] model fallback decision: decision=candidate_failed requested=2603/gpt-5.4 candidate=2603/gpt-5.4 reason=rate_limit next=openrouter/stepfun/step-3.5-flash:free
2026-03-17T22:30:53.881+08:00 [tools] session_status failed: Unknown sessionId: oc_981e24884af3ed7ed6c16c5730c9bd02
2026-03-17T22:31:18.996+08:00 [model-fallback/decision] model fallback decision: decision=candidate_succeeded requested=2603/gpt-5.4 candidate=openrouter/stepfun/step-3.5-flash:free reason=unknown next=none
2026-03-17T22:34:55.575+08:00 [agent/embedded] embedded run agent end: runId=57522f48-a3ea-4c47-9311-61ce89b752ff isError=true model=gpt-5.4 provider=2603 error=⚠️ API rate limit reached. Please try again later.
2026-03-17T22:34:59.247+08:00 [agent/embedded] embedded run agent end: runId=57522f48-a3ea-4c47-9311-61ce89b752ff isError=true model=gpt-5.4 provider=2603 error=⚠️ API rate limit reached. Please try again later.
2026-03-17T22:35:04.903+08:00 [agent/embedded] embedded run agent end: runId=57522f48-a3ea-4c47-9311-61ce89b752ff isError=true model=gpt-5.4 provider=2603 error=⚠️ API rate limit reached. Please try again later.
2026-03-17T22:35:14.389+08:00 [agent/embedded] embedded run agent end: runId=57522f48-a3ea-4c47-9311-61ce89b752ff isError=true model=gpt-5.4 provider=2603 error=⚠️ API rate limit reached. Please try again later.
2026-03-17T22:35:14.427+08:00 [agent/embedded] embedded run failover decision: runId=57522f48-a3ea-4c47-9311-61ce89b752ff stage=assistant decision=fallback_model reason=rate_limit provider=2603/gpt-5.4 profile=-
2026-03-17T22:35:14.440+08:00 [diagnostic] lane task error: lane=main durationMs=22986 error="FailoverError: ⚠️ API rate limit reached. Please try again later."
2026-03-17T22:35:14.452+08:00 [diagnostic] lane task error: lane=session:agent:oc_981e24884af3ed7ed6c16c5730c9bd02:feishu:group:oc_981e24884af3ed7ed6c16c5730c9bd02 durationMs=23009 error="FailoverError: ⚠️ API rate limit reached. Please try again later."
2026-03-17T22:35:14.464+08:00 [model-fallback/decision] model fallback decision: decision=candidate_failed requested=2603/gpt-5.4 candidate=2603/gpt-5.4 reason=rate_limit next=openrouter/stepfun/step-3.5-flash:free
2026-03-17T22:38:12.850+08:00 [model-fallback/decision] model fallback decision: decision=candidate_succeeded requested=2603/gpt-5.4 candidate=openrouter/stepfun/step-3.5-flash:free reason=unknown next=none
2026-03-17T23:12:36.326+08:00 [agent/embedded] embedded run agent end: runId=2bb1a3ee-0026-44d0-aac5-59ce884552bf isError=true model=gpt-5.4 provider=2603 error=⚠️ API rate limit reached. Please try again later.
2026-03-17T23:12:39.883+08:00 [agent/embedded] embedded run agent end: runId=2bb1a3ee-0026-44d0-aac5-59ce884552bf isError=true model=gpt-5.4 provider=2603 error=⚠️ API rate limit reached. Please try again later.
2026-03-17T23:12:45.649+08:00 [agent/embedded] embedded run agent end: runId=2bb1a3ee-0026-44d0-aac5-59ce884552bf isError=true model=gpt-5.4 provider=2603 error=⚠️ API rate limit reached. Please try again later.
2026-03-17T23:12:55.320+08:00 [agent/embedded] embedded run agent end: runId=2bb1a3ee-0026-44d0-aac5-59ce884552bf isError=true model=gpt-5.4 provider=2603 error=⚠️ API rate limit reached. Please try again later.
2026-03-17T23:12:55.376+08:00 [agent/embedded] embedded run failover decision: runId=2bb1a3ee-0026-44d0-aac5-59ce884552bf stage=assistant decision=fallback_model reason=rate_limit provider=2603/gpt-5.4 profile=-
2026-03-17T23:12:55.397+08:00 [diagnostic] lane task error: lane=main durationMs=24210 error="FailoverError: ⚠️ API rate limit reached. Please try again later."
2026-03-17T23:12:55.498+08:00 [diagnostic] lane task error: lane=session:agent:oc_981e24884af3ed7ed6c16c5730c9bd02:feishu:group:oc_981e24884af3ed7ed6c16c5730c9bd02 durationMs=24292 error="FailoverError: ⚠️ API rate limit reached. Please try again later."
2026-03-17T23:12:55.562+08:00 [model-fallback/decision] model fallback decision: decision=candidate_failed requested=2603/gpt-5.4 candidate=2603/gpt-5.4 reason=rate_limit next=openrouter/stepfun/step-3.5-flash:free
2026-03-17T23:13:10.493+08:00 [model-fallback/decision] model fallback decision: decision=candidate_succeeded requested=2603/gpt-5.4 candidate=openrouter/stepfun/step-3.5-flash:free reason=unknown next=none
2026-03-17T23:14:09.205+08:00 [warn]: [ 'no im.chat.access_event.bot_p2p_chat_entered_v1 handle' ]
2026-03-17T23:22:06.153+08:00 Gateway failed to start: gateway already running (pid 27408); lock timeout after 5000ms
If the gateway is supervised, stop it with: openclaw gateway stop
2026-03-17T23:22:06.273+08:00 Gateway service appears registered. Stop it first.
2026-03-17T23:22:06.277+08:00 Tip: openclaw gateway stop
2026-03-17T23:22:06.280+08:00 Or: schtasks /End /TN "OpenClaw Gateway"
2026-03-17T23:24:26.509+08:00 [agent/embedded] embedded run agent end: runId=0937c014-6149-487b-b563-b316716decda isError=true model=gemini-3.1-pro-preview provider=gemini error=⚠️ API rate limit reached. Please try again later.
2026-03-17T23:25:05.552+08:00 [agent/embedded] embedded run agent end: runId=0937c014-6149-487b-b563-b316716decda isError=true model=gemini-3.1-pro-preview provider=gemini error=⚠️ API rate limit reached. Please try again later.
2026-03-17T23:25:10.998+08:00 [agent/embedded] embedded run agent end: runId=0937c014-6149-487b-b563-b316716decda isError=true model=gemini-3.1-pro-preview provider=gemini error=⚠️ API rate limit reached. Please try again later.
2026-03-17T23:25:20.432+08:00 [agent/embedded] embedded run agent end: runId=0937c014-6149-487b-b563-b316716decda isError=true model=gemini-3.1-pro-preview provider=gemini error=⚠️ API rate limit reached. Please try again later.
2026-03-17T23:25:20.488+08:00 [agent/embedded] embedded run failover decision: runId=0937c014-6149-487b-b563-b316716decda stage=assistant decision=fallback_model reason=rate_limit provider=gemini/gemini-3.1-pro-preview profile=-
2026-03-17T23:25:20.506+08:00 [diagnostic] lane task error: lane=main durationMs=163497 error="FailoverError: ⚠️ API rate limit reached. Please try again later."
2026-03-17T23:25:20.516+08:00 [diagnostic] lane task error: lane=session:agent:oc_981e24884af3ed7ed6c16c5730c9bd02:feishu:group:oc_981e24884af3ed7ed6c16c5730c9bd02 durationMs=163523 error="FailoverError: ⚠️ API rate limit reached. Please try again later."
2026-03-17T23:25:20.533+08:00 [model-fallback/decision] model fallback decision: decision=candidate_failed requested=gemini/gemini-3.1-pro-preview candidate=gemini/gemini-3.1-pro-preview reason=rate_limit next=openrouter/stepfun/step-3.5-flash:free
2026-03-17T23:26:16.302+08:00 [model-fallback/decision] model fallback decision: decision=candidate_succeeded requested=gemini/gemini-3.1-pro-preview candidate=openrouter/stepfun/step-3.5-flash:free reason=unknown next=none
2026-03-17T23:28:26.089+08:00 [warn]: [ 'no im.chat.access_event.bot_p2p_chat_entered_v1 handle' ]
2026-03-17T23:28:35.736+08:00 [agent/embedded] embedded run agent end: runId=dc5cecfa-433c-499a-9f18-6b987e0861ae isError=true model=gemini-3.1-pro-preview provider=gemini error=⚠️ API rate limit reached. Please try again later.
2026-03-17T23:28:39.342+08:00 [agent/embedded] embedded run agent end: runId=dc5cecfa-433c-499a-9f18-6b987e0861ae isError=true model=gemini-3.1-pro-preview provider=gemini error=⚠️ API rate limit reached. Please try again later.
2026-03-17T23:28:45.351+08:00 [agent/embedded] embedded run agent end: runId=dc5cecfa-433c-499a-9f18-6b987e0861ae isError=true model=gemini-3.1-pro-preview provider=gemini error=⚠️ API rate limit reached. Please try again later.
2026-03-17T23:28:55.109+08:00 [agent/embedded] embedded run agent end: runId=dc5cecfa-433c-499a-9f18-6b987e0861ae isError=true model=gemini-3.1-pro-preview provider=gemini error=⚠️ API rate limit reached. Please try again later.
2026-03-17T23:28:55.252+08:00 [agent/embedded] embedded run failover decision: runId=dc5cecfa-433c-499a-9f18-6b987e0861ae stage=assistant decision=fallback_model reason=rate_limit provider=gemini/gemini-3.1-pro-preview profile=-
2026-03-17T23:28:55.265+08:00 [diagnostic] lane task error: lane=main durationMs=33312 error="FailoverError: ⚠️ API rate limit reached. Please try again later."
2026-03-17T23:28:55.275+08:00 [diagnostic] lane task error: lane=session:agent:oc_981e24884af3ed7ed6c16c5730c9bd02:feishu:group:oc_981e24884af3ed7ed6c16c5730c9bd02 durationMs=33327 error="FailoverError: ⚠️ API rate limit reached. Please try again later."
2026-03-17T23:28:55.288+08:00 [model-fallback/decision] model fallback decision: decision=candidate_failed requested=gemini/gemini-3.1-pro-preview candidate=gemini/gemini-3.1-pro-preview reason=rate_limit next=openrouter/stepfun/step-3.5-flash:free
2026-03-17T23:31:31.989+08:00 [model-fallback/decision] model fallback decision: decision=candidate_succeeded requested=gemini/gemini-3.1-pro-preview candidate=openrouter/stepfun/step-3.5-flash:free reason=unknown next=none
2026-03-17T23:34:11.346+08:00 [warn]: [ 'no im.chat.access_event.bot_p2p_chat_entered_v1 handle' ]
2026-03-17T23:39:10.275+08:00 Gateway failed to start: gateway already running (pid 21052); lock timeout after 5000ms
If the gateway is supervised, stop it with: openclaw gateway stop
2026-03-17T23:39:10.387+08:00 Gateway service appears registered. Stop it first.
2026-03-17T23:39:10.391+08:00 Tip: openclaw gateway stop
2026-03-17T23:39:10.395+08:00 Or: schtasks /End /TN "OpenClaw Gateway"
2026-03-17T23:40:02.434+08:00 [agent/embedded] embedded run agent end: runId=b0e7cb36-30ec-4f5c-88f8-01b3f099fe4e isError=true model=gemini-3.1-pro-preview provider=gemini error=⚠️ API rate limit reached. Please try again later.
2026-03-17T23:40:06.004+08:00 [agent/embedded] embedded run agent end: runId=b0e7cb36-30ec-4f5c-88f8-01b3f099fe4e isError=true model=gemini-3.1-pro-preview provider=gemini error=⚠️ API rate limit reached. Please try again later.
2026-03-17T23:40:11.542+08:00 [agent/embedded] embedded run agent end: runId=b0e7cb36-30ec-4f5c-88f8-01b3f099fe4e isError=true model=gemini-3.1-pro-preview provider=gemini error=⚠️ API rate limit reached. Please try again later.
2026-03-17T23:40:20.987+08:00 [agent/embedded] embedded run agent end: runId=b0e7cb36-30ec-4f5c-88f8-01b3f099fe4e isError=true model=gemini-3.1-pro-preview provider=gemini error=⚠️ API rate limit reached. Please try again later.
2026-03-17T23:40:21.044+08:00 [agent/embedded] embedded run failover decision: runId=b0e7cb36-30ec-4f5c-88f8-01b3f099fe4e stage=assistant decision=fallback_model reason=rate_limit provider=gemini/gemini-3.1-pro-preview profile=-
2026-03-17T23:40:21.055+08:00 [diagnostic] lane task error: lane=main durationMs=33237 error="FailoverError: ⚠️ API rate limit reached. Please try again later."
2026-03-17T23:40:21.065+08:00 [diagnostic] lane task error: lane=session:agent:oc_981e24884af3ed7ed6c16c5730c9bd02:main durationMs=33258 error="FailoverError: ⚠️ API rate limit reached. Please try again later."
2026-03-17T23:40:21.084+08:00 [model-fallback/decision] model fallback decision: decision=candidate_failed requested=gemini/gemini-3.1-pro-preview candidate=gemini/gemini-3.1-pro-preview reason=rate_limit next=openrouter/stepfun/step-3.5-flash:free
2026-03-17T23:40:34.292+08:00 [tools] browser failed: BrowserProfileNotFoundError: Profile "google-auto" not found. Available profiles: user, openclaw, chrome-relay
2026-03-17T23:40:53.613+08:00 [tools] browser failed: timed out. Restart the OpenClaw gateway (OpenClaw.app menubar, or `openclaw gateway`). Do NOT retry the browser tool — it will keep failing. Use an alternative approach or inform the user that the browser is currently unavailable.
2026-03-17T23:41:02.424+08:00 [tools] web_search failed: Perplexity API error (403): {"error":{"message":"Key limit exceeded (total limit). Manage it using https://openrouter.ai/settings/keys","code":403}}
2026-03-17T23:41:27.842+08:00 [model-fallback/decision] model fallback decision: decision=candidate_succeeded requested=gemini/gemini-3.1-pro-preview candidate=openrouter/stepfun/step-3.5-flash:free reason=unknown next=none
2026-03-17T23:43:19.618+08:00 [memory] embeddings rate limited; retrying in 599ms
2026-03-17T23:43:21.355+08:00 [memory] embeddings rate limited; retrying in 1051ms
2026-03-17T23:43:24.947+08:00 [memory] embeddings rate limited; retrying in 2281ms
2026-03-17T23:43:41.604+08:00 [ws] handshake timeout conn=a2dfcea2-e899-49ab-b1b6-f4a7432c260c remote=127.0.0.1
2026-03-17T23:43:51.107+08:00 [ws] closed before connect conn=a2dfcea2-e899-49ab-b1b6-f4a7432c260c remote=127.0.0.1 fwd=n/a origin=n/a host=127.0.0.1:18789 ua=n/a code=1000 reason=n/a
2026-03-17T23:55:10.598+08:00 Gateway failed to start: gateway already running (pid 33536); lock timeout after 5000ms
If the gateway is supervised, stop it with: openclaw gateway stop
2026-03-17T23:55:10.700+08:00 Gateway service appears registered. Stop it first.
2026-03-17T23:55:10.705+08:00 Tip: openclaw gateway stop
2026-03-17T23:55:10.709+08:00 Or: schtasks /End /TN "OpenClaw Gateway"
2026-03-18T00:05:01.778+08:00 [gateway] auth mode=none explicitly configured; all gateway connections are unauthenticated.
2026-03-18T00:05:48.893+08:00 [feishu] feishu[default]: bot info probe timed out after 10000ms; continuing startup
2026-03-18T00:05:49.236+08:00 [cron] payload.model 'siliconflow/Qwen/Qwen3-30B-A3B-Instruct-2507' not allowed, falling back to agent defaults
2026-03-18T00:05:51.091+08:00 [ws] handshake timeout conn=852a96d9-a32d-4f4a-b250-77f0f8d69a0d remote=127.0.0.1
2026-03-18T00:05:51.104+08:00 [ws] closed before connect conn=852a96d9-a32d-4f4a-b250-77f0f8d69a0d remote=127.0.0.1 fwd=n/a origin=http://127.0.0.1:18789 host=127.0.0.1:18789 ua=Mozilla/5.0 (Windows NT 10.0; Win64; x64) AppleWebKit/537.36 (KHTML, like Gecko) Chrome/145.0.0.0 Safari/537.36 code=1000 reason=n/a
2026-03-18T00:06:59.052+08:00 [memory] embeddings rate limited; retrying in 528ms
2026-03-18T00:07:00.843+08:00 [ws] handshake timeout conn=05c6aea8-eed7-421c-817d-161863ad502a remote=127.0.0.1
2026-03-18T00:07:01.343+08:00 [memory] embeddings rate limited; retrying in 1198ms
2026-03-18T00:07:03.888+08:00 [memory] embeddings rate limited; retrying in 2077ms
2026-03-18T00:07:10.016+08:00 [reload] config change requires gateway restart (gateway.auth.mode, gateway.auth.token) — deferring until 2 operation(s), 1 embedded run(s) complete
2026-03-18T00:07:29.333+08:00 [memory] embeddings rate limited; retrying in 595ms
2026-03-18T00:07:30.952+08:00 [ws] closed before connect conn=05c6aea8-eed7-421c-817d-161863ad502a remote=127.0.0.1 fwd=n/a origin=n/a host=127.0.0.1:18789 ua=n/a code=1006 reason=n/a
2026-03-18T00:07:31.703+08:00 [memory] embeddings rate limited; retrying in 1003ms
2026-03-18T00:07:33.896+08:00 [memory] embeddings rate limited; retrying in 2228ms
2026-03-18T00:08:14.041+08:00 [ws] handshake timeout conn=adf97ee6-6c0b-41ec-9b70-2f8f34f0199f remote=127.0.0.1
2026-03-18T00:08:30.679+08:00 [ws] closed before connect conn=adf97ee6-6c0b-41ec-9b70-2f8f34f0199f remote=127.0.0.1 fwd=n/a origin=http://127.0.0.1:18789 host=127.0.0.1:18789 ua=Mozilla/5.0 (Windows NT 10.0; Win64; x64) AppleWebKit/537.36 (KHTML, like Gecko) Chrome/145.0.0.0 Safari/537.36 code=1000 reason=n/a
2026-03-18T00:08:40.258+08:00 [reload] restart timeout after 90214ms with 2 operation(s), 1 embedded run(s) still active; restarting anyway
2026-03-18T00:13:02.428+08:00 [cron] payload.model 'siliconflow/Qwen/Qwen3-30B-A3B-Instruct-2507' not allowed, falling back to agent defaults
2026-03-18T00:13:18.167+08:00 [memory] embeddings rate limited; retrying in 557ms
2026-03-18T00:13:19.949+08:00 [memory] embeddings rate limited; retrying in 1132ms
2026-03-18T00:13:22.304+08:00 [memory] embeddings rate limited; retrying in 2040ms
2026-03-18T09:00:24.899+08:00 Gateway failed to start: gateway already running (pid 28040); lock timeout after 5000ms
If the gateway is supervised, stop it with: openclaw gateway stop
2026-03-18T09:00:25.058+08:00 Gateway service appears registered. Stop it first.
2026-03-18T09:00:25.066+08:00 Tip: openclaw gateway stop
2026-03-18T09:00:25.071+08:00 Or: schtasks /End /TN "OpenClaw Gateway"
2026-03-18T09:02:24.093+08:00 [cron] payload.model 'siliconflow/Qwen/Qwen3-30B-A3B-Instruct-2507' not allowed, falling back to agent defaults
2026-03-18T09:02:30.533+08:00 [agent/embedded] embedded run agent end: runId=b8e823d1-7b0e-445f-ba01-2e629c834e48 isError=true model=gemini-3.1-pro-preview provider=gemini error=⚠️ API rate limit reached. Please try again later.
2026-03-18T09:02:34.236+08:00 [agent/embedded] embedded run agent end: runId=b8e823d1-7b0e-445f-ba01-2e629c834e48 isError=true model=gemini-3.1-pro-preview provider=gemini error=⚠️ API rate limit reached. Please try again later.
2026-03-18T09:02:39.614+08:00 [agent/embedded] embedded run agent end: runId=b8e823d1-7b0e-445f-ba01-2e629c834e48 isError=true model=gemini-3.1-pro-preview provider=gemini error=⚠️ API rate limit reached. Please try again later.
2026-03-18T09:02:49.190+08:00 [agent/embedded] embedded run agent end: runId=b8e823d1-7b0e-445f-ba01-2e629c834e48 isError=true model=gemini-3.1-pro-preview provider=gemini error=⚠️ API rate limit reached. Please try again later.
2026-03-18T09:02:49.269+08:00 [agent/embedded] embedded run failover decision: runId=b8e823d1-7b0e-445f-ba01-2e629c834e48 stage=assistant decision=fallback_model reason=rate_limit provider=gemini/gemini-3.1-pro-preview profile=-
2026-03-18T09:02:49.279+08:00 [diagnostic] lane task error: lane=nested durationMs=23962 error="FailoverError: ⚠️ API rate limit reached. Please try again later."
2026-03-18T09:02:49.287+08:00 [diagnostic] lane task error: lane=session:agent:oc_981e24884af3ed7ed6c16c5730c9bd02:cron:0d4541a0-2d0f-498b-945d-ae14c7071409 durationMs=23980 error="FailoverError: ⚠️ API rate limit reached. Please try again later."
2026-03-18T09:02:49.303+08:00 [model-fallback/decision] model fallback decision: decision=candidate_failed requested=gemini/gemini-3.1-pro-preview candidate=gemini/gemini-3.1-pro-preview reason=rate_limit next=openrouter/stepfun/step-3.5-flash:free
2026-03-18T09:03:49.023+08:00 [model-fallback/decision] model fallback decision: decision=candidate_succeeded requested=gemini/gemini-3.1-pro-preview candidate=openrouter/stepfun/step-3.5-flash:free reason=unknown next=none
2026-03-18T09:06:08.041+08:00 [agent/embedded] embedded run agent end: runId=0dd6b8ea-8da2-4c48-b4fc-0fdc38779aa4 isError=true model=gemini-3.1-pro-preview provider=gemini error=⚠️ API rate limit reached. Please try again later.
2026-03-18T09:06:11.386+08:00 [agent/embedded] embedded run agent end: runId=0dd6b8ea-8da2-4c48-b4fc-0fdc38779aa4 isError=true model=gemini-3.1-pro-preview provider=gemini error=⚠️ API rate limit reached. Please try again later.
2026-03-18T09:06:17.124+08:00 [agent/embedded] embedded run agent end: runId=0dd6b8ea-8da2-4c48-b4fc-0fdc38779aa4 isError=true model=gemini-3.1-pro-preview provider=gemini error=⚠️ API rate limit reached. Please try again later.
2026-03-18T09:06:26.586+08:00 [agent/embedded] embedded run agent end: runId=0dd6b8ea-8da2-4c48-b4fc-0fdc38779aa4 isError=true model=gemini-3.1-pro-preview provider=gemini error=⚠️ API rate limit reached. Please try again later.
2026-03-18T09:06:26.660+08:00 [agent/embedded] embedded run failover decision: runId=0dd6b8ea-8da2-4c48-b4fc-0fdc38779aa4 stage=assistant decision=fallback_model reason=rate_limit provider=gemini/gemini-3.1-pro-preview profile=-
2026-03-18T09:06:26.673+08:00 [diagnostic] lane task error: lane=main durationMs=25181 error="FailoverError: ⚠️ API rate limit reached. Please try again later."
2026-03-18T09:06:26.688+08:00 [diagnostic] lane task error: lane=session:agent:oc_981e24884af3ed7ed6c16c5730c9bd02:main durationMs=25202 error="FailoverError: ⚠️ API rate limit reached. Please try again later."
2026-03-18T09:06:26.709+08:00 [model-fallback/decision] model fallback decision: decision=candidate_failed requested=gemini/gemini-3.1-pro-preview candidate=gemini/gemini-3.1-pro-preview reason=rate_limit next=openrouter/stepfun/step-3.5-flash:free
2026-03-18T09:06:35.849+08:00 [tools] web_search failed: Perplexity API error (403): {"error":{"message":"Key limit exceeded (total limit). Manage it using https://openrouter.ai/settings/keys","code":403}}
2026-03-18T09:09:34.991+08:00 [model-fallback/decision] model fallback decision: decision=candidate_succeeded requested=gemini/gemini-3.1-pro-preview candidate=openrouter/stepfun/step-3.5-flash:free reason=unknown next=none
2026-03-18T09:11:58.016+08:00 [agent/embedded] embedded run agent end: runId=ddc5d27a-db73-4df1-b6f2-56d3ec2bdc7a isError=true model=gemini-3.1-pro-preview provider=gemini error=⚠️ API rate limit reached. Please try again later.
2026-03-18T09:12:01.869+08:00 [agent/embedded] embedded run agent end: runId=ddc5d27a-db73-4df1-b6f2-56d3ec2bdc7a isError=true model=gemini-3.1-pro-preview provider=gemini error=⚠️ API rate limit reached. Please try again later.
2026-03-18T09:12:07.362+08:00 [agent/embedded] embedded run agent end: runId=ddc5d27a-db73-4df1-b6f2-56d3ec2bdc7a isError=true model=gemini-3.1-pro-preview provider=gemini error=⚠️ API rate limit reached. Please try again later.
2026-03-18T09:12:16.957+08:00 [agent/embedded] embedded run agent end: runId=ddc5d27a-db73-4df1-b6f2-56d3ec2bdc7a isError=true model=gemini-3.1-pro-preview provider=gemini error=⚠️ API rate limit reached. Please try again later.
2026-03-18T09:12:17.029+08:00 [agent/embedded] embedded run failover decision: runId=ddc5d27a-db73-4df1-b6f2-56d3ec2bdc7a stage=assistant decision=fallback_model reason=rate_limit provider=gemini/gemini-3.1-pro-preview profile=-
2026-03-18T09:12:17.041+08:00 [diagnostic] lane task error: lane=main durationMs=23424 error="FailoverError: ⚠️ API rate limit reached. Please try again later."
2026-03-18T09:12:17.058+08:00 [diagnostic] lane task error: lane=session:agent:oc_981e24884af3ed7ed6c16c5730c9bd02:main durationMs=23442 error="FailoverError: ⚠️ API rate limit reached. Please try again later."
2026-03-18T09:12:17.072+08:00 [model-fallback/decision] model fallback decision: decision=candidate_failed requested=gemini/gemini-3.1-pro-preview candidate=gemini/gemini-3.1-pro-preview reason=rate_limit next=openrouter/stepfun/step-3.5-flash:free
2026-03-18T09:12:37.343+08:00 [model-fallback/decision] model fallback decision: decision=candidate_succeeded requested=gemini/gemini-3.1-pro-preview candidate=openrouter/stepfun/step-3.5-flash:free reason=unknown next=none
2026-03-18T09:25:05.259+08:00 [agent/embedded] embedded run agent end: runId=533845e8-2a39-470e-bf20-06c2560dab5c isError=true model=gemini-3.1-pro-preview provider=gemini error=⚠️ API rate limit reached. Please try again later.
2026-03-18T09:25:08.785+08:00 [agent/embedded] embedded run agent end: runId=533845e8-2a39-470e-bf20-06c2560dab5c isError=true model=gemini-3.1-pro-preview provider=gemini error=⚠️ API rate limit reached. Please try again later.
2026-03-18T09:25:14.554+08:00 [agent/embedded] embedded run agent end: runId=533845e8-2a39-470e-bf20-06c2560dab5c isError=true model=gemini-3.1-pro-preview provider=gemini error=⚠️ API rate limit reached. Please try again later.
2026-03-18T09:25:24.428+08:00 [agent/embedded] embedded run agent end: runId=533845e8-2a39-470e-bf20-06c2560dab5c isError=true model=gemini-3.1-pro-preview provider=gemini error=⚠️ API rate limit reached. Please try again later.
2026-03-18T09:25:24.484+08:00 [agent/embedded] embedded run failover decision: runId=533845e8-2a39-470e-bf20-06c2560dab5c stage=assistant decision=fallback_model reason=rate_limit provider=gemini/gemini-3.1-pro-preview profile=-
2026-03-18T09:25:24.496+08:00 [diagnostic] lane task error: lane=main durationMs=24112 error="FailoverError: ⚠️ API rate limit reached. Please try again later."
2026-03-18T09:25:24.507+08:00 [diagnostic] lane task error: lane=session:agent:oc_981e24884af3ed7ed6c16c5730c9bd02:main durationMs=24134 error="FailoverError: ⚠️ API rate limit reached. Please try again later."
2026-03-18T09:25:24.523+08:00 [model-fallback/decision] model fallback decision: decision=candidate_failed requested=gemini/gemini-3.1-pro-preview candidate=gemini/gemini-3.1-pro-preview reason=rate_limit next=openrouter/stepfun/step-3.5-flash:free
2026-03-18T09:25:46.705+08:00 [ws] handshake timeout conn=4fb292c2-21da-4068-b9a6-aa9ab3f1963e remote=127.0.0.1
2026-03-18T09:25:59.620+08:00 [ws] closed before connect conn=4fb292c2-21da-4068-b9a6-aa9ab3f1963e remote=127.0.0.1 fwd=n/a origin=n/a host=127.0.0.1:18789 ua=n/a code=1000 reason=n/a
2026-03-18T09:54:15.335+08:00 Gateway failed to start: gateway already running (pid 11628); lock timeout after 5000ms
If the gateway is supervised, stop it with: openclaw gateway stop
2026-03-18T09:54:15.450+08:00 Gateway service appears registered. Stop it first.
2026-03-18T09:54:15.454+08:00 Tip: openclaw gateway stop
2026-03-18T09:54:15.458+08:00 Or: schtasks /End /TN "OpenClaw Gateway"
2026-03-18T10:19:43.044+08:00 [gateway] removed stale session lock: C:\Users\Administrator\.openclaw\agents\oc_981e24884af3ed7ed6c16c5730c9bd02\sessions\721732b1-9a3e-4c5e-a5ff-e193f29c0546.jsonl.lock (dead-pid, too-old)
2026-03-18T10:19:46.043+08:00 [cron] payload.model 'siliconflow/Qwen/Qwen3-30B-A3B-Instruct-2507' not allowed, falling back to agent defaults
2026-03-18T10:19:52.453+08:00 [agent/embedded] embedded run agent end: runId=795bdeb2-a960-4635-9d54-821c826dd6c1 isError=true model=gemini-3.1-pro-preview provider=gemini error=⚠️ API rate limit reached. Please try again later.
2026-03-18T10:19:55.995+08:00 [agent/embedded] embedded run agent end: runId=795bdeb2-a960-4635-9d54-821c826dd6c1 isError=true model=gemini-3.1-pro-preview provider=gemini error=⚠️ API rate limit reached. Please try again later.
2026-03-18T10:20:01.563+08:00 [agent/embedded] embedded run agent end: runId=795bdeb2-a960-4635-9d54-821c826dd6c1 isError=true model=gemini-3.1-pro-preview provider=gemini error=⚠️ API rate limit reached. Please try again later.
2026-03-18T10:20:11.266+08:00 [agent/embedded] embedded run agent end: runId=795bdeb2-a960-4635-9d54-821c826dd6c1 isError=true model=gemini-3.1-pro-preview provider=gemini error=⚠️ API rate limit reached. Please try again later.
2026-03-18T10:20:11.343+08:00 [agent/embedded] embedded run failover decision: runId=795bdeb2-a960-4635-9d54-821c826dd6c1 stage=assistant decision=fallback_model reason=rate_limit provider=gemini/gemini-3.1-pro-preview profile=-
2026-03-18T10:20:11.355+08:00 [diagnostic] lane task error: lane=nested durationMs=24101 error="FailoverError: ⚠️ API rate limit reached. Please try again later."
2026-03-18T10:20:11.363+08:00 [diagnostic] lane task error: lane=session:agent:oc_981e24884af3ed7ed6c16c5730c9bd02:cron:994029b0-9ab5-4147-9a23-47c31d1db98d durationMs=24123 error="FailoverError: ⚠️ API rate limit reached. Please try again later."
2026-03-18T10:20:11.380+08:00 [model-fallback/decision] model fallback decision: decision=candidate_failed requested=gemini/gemini-3.1-pro-preview candidate=gemini/gemini-3.1-pro-preview reason=rate_limit next=openrouter/stepfun/step-3.5-flash:free
2026-03-18T10:20:21.975+08:00 [tools] web_search failed: Perplexity API error (403): {"error":{"message":"Key limit exceeded (total limit). Manage it using https://openrouter.ai/settings/keys","code":403}}
2026-03-18T10:20:24.782+08:00 [ws] unauthorized conn=80b91d20-5918-49b4-aff2-1bc7ac9f64be remote=127.0.0.1 client=agent backend v2026.3.13 reason=token_mismatch
2026-03-18T10:20:24.791+08:00 gateway connect failed: GatewayClientRequestError: unauthorized: gateway token mismatch (provide gateway auth token)
2026-03-18T10:20:24.824+08:00 [ws] closed before connect conn=80b91d20-5918-49b4-aff2-1bc7ac9f64be remote=127.0.0.1 fwd=n/a origin=n/a host=127.0.0.1:18789 ua=n/a code=1008 reason=unauthorized: gateway token mismatch (provide gateway auth token)
2026-03-18T10:20:24.844+08:00 [tools] browser failed: gateway closed (1008): unauthorized: gateway token mismatch (provide gateway auth token)
Gateway target: ws://127.0.0.1:18789
Source: local loopback
Config: C:\Users\Administrator\.openclaw\openclaw.json
Bind: loopback
2026-03-18T10:20:53.072+08:00 [memory] embeddings rate limited; retrying in 600ms
2026-03-18T10:20:55.224+08:00 [memory] embeddings rate limited; retrying in 1170ms
2026-03-18T10:20:58.128+08:00 [memory] embeddings rate limited; retrying in 2047ms
2026-03-18T10:22:06.524+08:00 Gateway failed to start: gateway already running (pid 8040); lock timeout after 5000ms
If the gateway is supervised, stop it with: openclaw gateway stop
2026-03-18T10:22:06.655+08:00 Gateway service appears registered. Stop it first.
2026-03-18T10:22:06.662+08:00 Tip: openclaw gateway stop
2026-03-18T10:22:06.667+08:00 Or: schtasks /End /TN "OpenClaw Gateway"
2026-03-18T10:33:47.473+08:00 Gateway failed to start: gateway already running (pid 32324); lock timeout after 5000ms
If the gateway is supervised, stop it with: openclaw gateway stop
2026-03-18T10:33:47.599+08:00 Gateway service appears registered. Stop it first.
2026-03-18T10:33:47.606+08:00 Tip: openclaw gateway stop
2026-03-18T10:33:47.611+08:00 Or: schtasks /End /TN "OpenClaw Gateway"
2026-03-18T10:39:35.283+08:00 [cron] payload.model 'siliconflow/Qwen/Qwen3-30B-A3B-Instruct-2507' not allowed, falling back to agent defaults
2026-03-18T10:39:41.228+08:00 [agent/embedded] embedded run agent end: runId=55cd088e-0169-46b4-9814-dbb19a73021c isError=true model=gemini-3.1-pro-preview provider=gemini error=⚠️ API rate limit reached. Please try again later.
2026-03-18T10:39:45.029+08:00 [agent/embedded] embedded run agent end: runId=55cd088e-0169-46b4-9814-dbb19a73021c isError=true model=gemini-3.1-pro-preview provider=gemini error=⚠️ API rate limit reached. Please try again later.
2026-03-18T10:39:50.626+08:00 [agent/embedded] embedded run agent end: runId=55cd088e-0169-46b4-9814-dbb19a73021c isError=true model=gemini-3.1-pro-preview provider=gemini error=⚠️ API rate limit reached. Please try again later.
2026-03-18T10:40:00.159+08:00 [agent/embedded] embedded run agent end: runId=55cd088e-0169-46b4-9814-dbb19a73021c isError=true model=gemini-3.1-pro-preview provider=gemini error=⚠️ API rate limit reached. Please try again later.
2026-03-18T10:40:00.243+08:00 [agent/embedded] embedded run failover decision: runId=55cd088e-0169-46b4-9814-dbb19a73021c stage=assistant decision=fallback_model reason=rate_limit provider=gemini/gemini-3.1-pro-preview profile=-
2026-03-18T10:40:00.252+08:00 [diagnostic] lane task error: lane=nested durationMs=23784 error="FailoverError: ⚠️ API rate limit reached. Please try again later."
2026-03-18T10:40:00.257+08:00 [diagnostic] lane task error: lane=session:agent:oc_981e24884af3ed7ed6c16c5730c9bd02:cron:994029b0-9ab5-4147-9a23-47c31d1db98d durationMs=23801 error="FailoverError: ⚠️ API rate limit reached. Please try again later."
2026-03-18T10:40:00.272+08:00 [model-fallback/decision] model fallback decision: decision=candidate_failed requested=gemini/gemini-3.1-pro-preview candidate=gemini/gemini-3.1-pro-preview reason=rate_limit next=openrouter/stepfun/step-3.5-flash:free
2026-03-18T10:40:08.224+08:00 [tools] web_search failed: Perplexity API error (403): {"error":{"message":"Key limit exceeded (total limit). Manage it using https://openrouter.ai/settings/keys","code":403}}
2026-03-18T10:40:11.117+08:00 [ws] unauthorized conn=e410d142-3973-41b7-ba89-65e65631f213 remote=127.0.0.1 client=agent backend v2026.3.13 reason=token_mismatch
2026-03-18T10:40:11.127+08:00 gateway connect failed: GatewayClientRequestError: unauthorized: gateway token mismatch (provide gateway auth token)
2026-03-18T10:40:11.140+08:00 [ws] closed before connect conn=e410d142-3973-41b7-ba89-65e65631f213 remote=127.0.0.1 fwd=n/a origin=n/a host=127.0.0.1:18789 ua=n/a code=1008 reason=unauthorized: gateway token mismatch (provide gateway auth token)
2026-03-18T10:40:11.152+08:00 [tools] browser failed: gateway closed (1008): unauthorized: gateway token mismatch (provide gateway auth token)
Gateway target: ws://127.0.0.1:18789
Source: local loopback
Config: C:\Users\Administrator\.openclaw\openclaw.json
Bind: loopback
2026-03-18T10:40:29.860+08:00 [tools] web_search failed: Perplexity API error (403): {"error":{"message":"Key limit exceeded (total limit). Manage it using https://openrouter.ai/settings/keys","code":403}}
2026-03-18T10:40:48.692+08:00 [agent/embedded] embedded run agent end: runId=80e51b25-6d90-4f53-a8a3-b0bf8d06ebf9 isError=true model=gemini-3.1-pro-preview provider=gemini error=⚠️ API rate limit reached. Please try again later.
2026-03-18T10:40:52.144+08:00 [agent/embedded] embedded run agent end: runId=80e51b25-6d90-4f53-a8a3-b0bf8d06ebf9 isError=true model=gemini-3.1-pro-preview provider=gemini error=⚠️ API rate limit reached. Please try again later.
2026-03-18T10:40:57.751+08:00 [agent/embedded] embedded run agent end: runId=80e51b25-6d90-4f53-a8a3-b0bf8d06ebf9 isError=true model=gemini-3.1-pro-preview provider=gemini error=⚠️ API rate limit reached. Please try again later.
2026-03-18T10:41:07.232+08:00 [agent/embedded] embedded run agent end: runId=80e51b25-6d90-4f53-a8a3-b0bf8d06ebf9 isError=true model=gemini-3.1-pro-preview provider=gemini error=⚠️ API rate limit reached. Please try again later.
2026-03-18T10:41:07.290+08:00 [agent/embedded] embedded run failover decision: runId=80e51b25-6d90-4f53-a8a3-b0bf8d06ebf9 stage=assistant decision=fallback_model reason=rate_limit provider=gemini/gemini-3.1-pro-preview profile=-
2026-03-18T10:41:07.302+08:00 [diagnostic] lane task error: lane=main durationMs=25867 error="FailoverError: ⚠️ API rate limit reached. Please try again later."
2026-03-18T10:41:07.311+08:00 [diagnostic] lane task error: lane=session:agent:oc_981e24884af3ed7ed6c16c5730c9bd02:main durationMs=25891 error="FailoverError: ⚠️ API rate limit reached. Please try again later."
2026-03-18T10:41:07.338+08:00 [model-fallback/decision] model fallback decision: decision=candidate_failed requested=gemini/gemini-3.1-pro-preview candidate=gemini/gemini-3.1-pro-preview reason=rate_limit next=openrouter/stepfun/step-3.5-flash:free
2026-03-18T10:41:54.198+08:00 [model-fallback/decision] model fallback decision: decision=candidate_succeeded requested=gemini/gemini-3.1-pro-preview candidate=openrouter/stepfun/step-3.5-flash:free reason=unknown next=none
2026-03-18T10:42:33.170+08:00 [ws] handshake timeout conn=0684a4fd-1db5-4293-85c7-470f2fa20928 remote=127.0.0.1
2026-03-18T10:42:49.170+08:00 [ws] closed before connect conn=0684a4fd-1db5-4293-85c7-470f2fa20928 remote=127.0.0.1 fwd=n/a origin=n/a host=127.0.0.1:18789 ua=n/a code=1000 reason=n/a
2026-03-18T10:42:57.858+08:00 [tools] exec failed: elevated is not available right now (runtime=direct).
Failing gates: allowFrom (tools.elevated.allowFrom.<provider> / agents.list[].tools.elevated.allowFrom.<provider>)
Context: provider=feishu session=agent:oc_981e24884af3ed7ed6c16c5730c9bd02:main
Fix-it keys:
- tools.elevated.enabled
- tools.elevated.allowFrom.<provider>
- agents.list[].tools.elevated.enabled
- agents.list[].tools.elevated.allowFrom.<provider>
2026-03-18T11:18:34.508+08:00 Gateway failed to start: gateway already running (pid 17732); lock timeout after 5000ms
If the gateway is supervised, stop it with: openclaw gateway stop
2026-03-18T11:18:34.614+08:00 Gateway service appears registered. Stop it first.
2026-03-18T11:18:34.621+08:00 Tip: openclaw gateway stop
2026-03-18T11:18:34.625+08:00 Or: schtasks /End /TN "OpenClaw Gateway"
2026-03-18T11:49:42.375+08:00 Gateway failed to start: gateway already running (pid 11896); lock timeout after 5000ms
If the gateway is supervised, stop it with: openclaw gateway stop
2026-03-18T11:49:42.631+08:00 Gateway service appears registered. Stop it first.
2026-03-18T11:49:42.673+08:00 Tip: openclaw gateway stop
2026-03-18T11:49:42.746+08:00 Or: schtasks /End /TN "OpenClaw Gateway"
2026-03-18T11:51:25.377+08:00 Gateway failed to start: gateway already running (pid 14884); lock timeout after 5000ms
If the gateway is supervised, stop it with: openclaw gateway stop
2026-03-18T11:51:25.451+08:00 Gateway service appears registered. Stop it first.
2026-03-18T11:51:25.456+08:00 Tip: openclaw gateway stop
2026-03-18T11:51:25.459+08:00 Or: schtasks /End /TN "OpenClaw Gateway"
2026-03-18T12:02:44.891+08:00 [warn]: [ 'no im.chat.access_event.bot_p2p_chat_entered_v1 handle' ]
2026-03-18T12:03:07.679+08:00 [agent/embedded] embedded run agent end: runId=b0bfc126-f716-4a88-bcaa-ef4e96d3782e isError=true model=gemini-3.1-pro-preview provider=gemini error=LLM request timed out.
2026-03-18T12:03:11.169+08:00 [agent/embedded] embedded run agent end: runId=b0bfc126-f716-4a88-bcaa-ef4e96d3782e isError=true model=gemini-3.1-pro-preview provider=gemini error=LLM request timed out.
2026-03-18T12:03:16.521+08:00 [agent/embedded] embedded run agent end: runId=b0bfc126-f716-4a88-bcaa-ef4e96d3782e isError=true model=gemini-3.1-pro-preview provider=gemini error=LLM request timed out.
2026-03-18T12:03:26.022+08:00 [agent/embedded] embedded run agent end: runId=b0bfc126-f716-4a88-bcaa-ef4e96d3782e isError=true model=gemini-3.1-pro-preview provider=gemini error=LLM request timed out.
2026-03-18T12:03:26.213+08:00 [agent/embedded] embedded run failover decision: runId=b0bfc126-f716-4a88-bcaa-ef4e96d3782e stage=assistant decision=fallback_model reason=timeout provider=gemini/gemini-3.1-pro-preview profile=-
2026-03-18T12:03:26.230+08:00 [diagnostic] lane task error: lane=main durationMs=26381 error="FailoverError: LLM request timed out."
2026-03-18T12:03:26.247+08:00 [diagnostic] lane task error: lane=session:agent:oc_981e24884af3ed7ed6c16c5730c9bd02:main durationMs=26405 error="FailoverError: LLM request timed out."
2026-03-18T12:03:26.271+08:00 [model-fallback/decision] model fallback decision: decision=candidate_failed requested=gemini/gemini-3.1-pro-preview candidate=gemini/gemini-3.1-pro-preview reason=timeout next=openrouter/stepfun/step-3.5-flash:free
2026-03-18T12:05:43.013+08:00 [model-fallback/decision] model fallback decision: decision=candidate_succeeded requested=gemini/gemini-3.1-pro-preview candidate=openrouter/stepfun/step-3.5-flash:free reason=unknown next=none
2026-03-18T12:18:04.152+08:00 [agent/embedded] embedded run agent end: runId=86c9500a-7f59-4739-b340-9b4525ef9583 isError=true model=gemini-3.1-pro-preview provider=gemini error=LLM request timed out.
2026-03-18T12:18:07.467+08:00 [agent/embedded] embedded run agent end: runId=86c9500a-7f59-4739-b340-9b4525ef9583 isError=true model=gemini-3.1-pro-preview provider=gemini error=LLM request timed out.
2026-03-18T12:18:12.776+08:00 [agent/embedded] embedded run agent end: runId=86c9500a-7f59-4739-b340-9b4525ef9583 isError=true model=gemini-3.1-pro-preview provider=gemini error=LLM request timed out.
2026-03-18T12:18:22.165+08:00 [agent/embedded] embedded run agent end: runId=86c9500a-7f59-4739-b340-9b4525ef9583 isError=true model=gemini-3.1-pro-preview provider=gemini error=LLM request timed out.
2026-03-18T12:18:22.203+08:00 [agent/embedded] embedded run failover decision: runId=86c9500a-7f59-4739-b340-9b4525ef9583 stage=assistant decision=fallback_model reason=timeout provider=gemini/gemini-3.1-pro-preview profile=-
2026-03-18T12:18:22.213+08:00 [diagnostic] lane task error: lane=main durationMs=24112 error="FailoverError: LLM request timed out."
2026-03-18T12:18:22.222+08:00 [diagnostic] lane task error: lane=session:agent:oc_981e24884af3ed7ed6c16c5730c9bd02:main durationMs=24127 error="FailoverError: LLM request timed out."
2026-03-18T12:18:22.233+08:00 [model-fallback/decision] model fallback decision: decision=candidate_failed requested=gemini/gemini-3.1-pro-preview candidate=gemini/gemini-3.1-pro-preview reason=timeout next=openrouter/stepfun/step-3.5-flash:free
2026-03-18T12:18:47.677+08:00 [model-fallback/decision] model fallback decision: decision=candidate_succeeded requested=gemini/gemini-3.1-pro-preview candidate=openrouter/stepfun/step-3.5-flash:free reason=unknown next=none
2026-03-18T13:36:40.938+08:00 [agent/embedded] embedded run agent end: runId=cb640968-c714-4d65-88d9-068b267c6137 isError=true model=gemini-3.1-pro-preview provider=gemini error=LLM request timed out.
2026-03-18T13:36:44.338+08:00 [agent/embedded] embedded run agent end: runId=cb640968-c714-4d65-88d9-068b267c6137 isError=true model=gemini-3.1-pro-preview provider=gemini error=LLM request timed out.
2026-03-18T13:36:49.680+08:00 [agent/embedded] embedded run agent end: runId=cb640968-c714-4d65-88d9-068b267c6137 isError=true model=gemini-3.1-pro-preview provider=gemini error=LLM request timed out.
2026-03-18T13:36:59.251+08:00 [agent/embedded] embedded run agent end: runId=cb640968-c714-4d65-88d9-068b267c6137 isError=true model=gemini-3.1-pro-preview provider=gemini error=LLM request timed out.
2026-03-18T13:36:59.417+08:00 [agent/embedded] embedded run failover decision: runId=cb640968-c714-4d65-88d9-068b267c6137 stage=assistant decision=fallback_model reason=timeout provider=gemini/gemini-3.1-pro-preview profile=-
2026-03-18T13:36:59.446+08:00 [diagnostic] lane task error: lane=main durationMs=23589 error="FailoverError: LLM request timed out."
2026-03-18T13:36:59.489+08:00 [diagnostic] lane task error: lane=session:agent:oc_981e24884af3ed7ed6c16c5730c9bd02:main durationMs=23651 error="FailoverError: LLM request timed out."
2026-03-18T13:36:59.519+08:00 [model-fallback/decision] model fallback decision: decision=candidate_failed requested=gemini/gemini-3.1-pro-preview candidate=gemini/gemini-3.1-pro-preview reason=timeout next=openrouter/stepfun/step-3.5-flash:free
2026-03-18T13:37:15.417+08:00 [tools] edit failed: Found 3 occurrences of the text in C:\Users\Administrator\.openclaw\openclaw.json. The text must be unique. Please provide more context to make it unique.
2026-03-18T13:38:16.776+08:00 [warn]: [ 'no im.chat.access_event.bot_p2p_chat_entered_v1 handle' ]
2026-03-18T13:38:21.005+08:00 [agent/embedded] embedded run agent end: runId=8d6d0a39-ac30-4b77-bfe8-3f1552b70f9c isError=true model=gemini-3.1-pro-preview provider=gemini error=LLM request timed out.
2026-03-18T13:38:24.501+08:00 [agent/embedded] embedded run agent end: runId=8d6d0a39-ac30-4b77-bfe8-3f1552b70f9c isError=true model=gemini-3.1-pro-preview provider=gemini error=LLM request timed out.
2026-03-18T13:38:29.809+08:00 [agent/embedded] embedded run agent end: runId=8d6d0a39-ac30-4b77-bfe8-3f1552b70f9c isError=true model=gemini-3.1-pro-preview provider=gemini error=LLM request timed out.
2026-03-18T13:39:21.703+08:00 Gateway failed to start: gateway already running (pid 11304); lock timeout after 5000ms
If the gateway is supervised, stop it with: openclaw gateway stop
2026-03-18T13:39:21.794+08:00 Gateway service appears registered. Stop it first.
2026-03-18T13:39:21.799+08:00 Tip: openclaw gateway stop
2026-03-18T13:39:21.803+08:00 Or: schtasks /End /TN "OpenClaw Gateway"
2026-03-18T13:40:06.370+08:00 [gateway] removed stale session lock: C:\Users\Administrator\.openclaw\agents\oc_981e24884af3ed7ed6c16c5730c9bd02\sessions\721732b1-9a3e-4c5e-a5ff-e193f29c0546.jsonl.lock (dead-pid)
2026-03-18T13:40:06.383+08:00 [gateway] removed stale session lock: C:\Users\Administrator\.openclaw\agents\oc_981e24884af3ed7ed6c16c5730c9bd02\sessions\c656ce41-61d8-4a67-bacc-cfdd368ca1c8.jsonl.lock (dead-pid)
2026-03-18T13:40:20.962+08:00 Gateway failed to start: gateway already running (pid 4180); lock timeout after 5000ms
If the gateway is supervised, stop it with: openclaw gateway stop
2026-03-18T13:40:21.390+08:00 Port 18789 is already in use.
2026-03-18T13:40:21.396+08:00 - pid 4180: "C:\Program Files\nodejs\node.exe" --disable-warning=ExperimentalWarning C:\Users\Administrator\AppData\Roaming\npm\node_modules\openclaw\openclaw.mjs gateway --port 18789 (127.0.0.1:18789)
2026-03-18T13:40:21.404+08:00 - Gateway already running locally. Stop it (openclaw gateway stop) or use a different port.
2026-03-18T13:40:21.516+08:00 Gateway service appears registered. Stop it first.
2026-03-18T13:40:21.533+08:00 Tip: openclaw gateway stop
2026-03-18T13:40:21.557+08:00 Or: schtasks /End /TN "OpenClaw Gateway"
2026-03-18T13:40:27.993+08:00 [warn]: [ 'no im.chat.access_event.bot_p2p_chat_entered_v1 handle' ]
2026-03-18T13:40:47.789+08:00 [agent/embedded] embedded run agent end: runId=c41af07c-5f7a-4504-80a6-b0387fc09bbd isError=true model=gpt-5.4 provider=2603 error=LLM request timed out.
2026-03-18T13:40:51.155+08:00 [agent/embedded] embedded run agent end: runId=c41af07c-5f7a-4504-80a6-b0387fc09bbd isError=true model=gpt-5.4 provider=2603 error=LLM request timed out.
2026-03-18T13:40:56.621+08:00 [agent/embedded] embedded run agent end: runId=c41af07c-5f7a-4504-80a6-b0387fc09bbd isError=true model=gpt-5.4 provider=2603 error=LLM request timed out.
2026-03-18T13:41:06.054+08:00 [agent/embedded] embedded run agent end: runId=c41af07c-5f7a-4504-80a6-b0387fc09bbd isError=true model=gpt-5.4 provider=2603 error=LLM request timed out.
2026-03-18T13:41:06.156+08:00 [agent/embedded] embedded run failover decision: runId=c41af07c-5f7a-4504-80a6-b0387fc09bbd stage=assistant decision=fallback_model reason=timeout provider=2603/gpt-5.4 profile=-
2026-03-18T13:41:06.171+08:00 [diagnostic] lane task error: lane=main durationMs=24374 error="FailoverError: LLM request timed out."
2026-03-18T13:41:06.189+08:00 [diagnostic] lane task error: lane=session:agent:oc_981e24884af3ed7ed6c16c5730c9bd02:main durationMs=24398 error="FailoverError: LLM request timed out."
2026-03-18T13:41:06.213+08:00 [model-fallback/decision] model fallback decision: decision=candidate_failed requested=2603/gpt-5.4 candidate=2603/gpt-5.4 reason=timeout next=gemini/gemini-3.1-pro-preview
2026-03-18T13:41:11.164+08:00 [agent/embedded] embedded run agent end: runId=c41af07c-5f7a-4504-80a6-b0387fc09bbd isError=true model=gemini-3.1-pro-preview provider=gemini error=LLM request timed out.
2026-03-18T13:41:13.860+08:00 [agent/embedded] embedded run agent end: runId=a41773a5-3542-4145-937d-4dab83e78846 isError=true model=gpt-5.4 provider=2603 error=LLM request timed out.
2026-03-18T13:41:14.543+08:00 [agent/embedded] embedded run agent end: runId=c41af07c-5f7a-4504-80a6-b0387fc09bbd isError=true model=gemini-3.1-pro-preview provider=gemini error=LLM request timed out.
2026-03-18T13:41:17.227+08:00 [agent/embedded] embedded run agent end: runId=a41773a5-3542-4145-937d-4dab83e78846 isError=true model=gpt-5.4 provider=2603 error=LLM request timed out.
2026-03-18T13:41:19.936+08:00 [agent/embedded] embedded run agent end: runId=c41af07c-5f7a-4504-80a6-b0387fc09bbd isError=true model=gemini-3.1-pro-preview provider=gemini error=LLM request timed out.
2026-03-18T13:41:22.657+08:00 [agent/embedded] embedded run agent end: runId=a41773a5-3542-4145-937d-4dab83e78846 isError=true model=gpt-5.4 provider=2603 error=LLM request timed out.
2026-03-18T13:41:29.237+08:00 [agent/embedded] embedded run agent end: runId=c41af07c-5f7a-4504-80a6-b0387fc09bbd isError=true model=gemini-3.1-pro-preview provider=gemini error=LLM request timed out.
2026-03-18T13:41:29.342+08:00 [agent/embedded] embedded run failover decision: runId=c41af07c-5f7a-4504-80a6-b0387fc09bbd stage=assistant decision=fallback_model reason=timeout provider=gemini/gemini-3.1-pro-preview profile=-
2026-03-18T13:41:29.361+08:00 [diagnostic] lane task error: lane=main durationMs=23118 error="FailoverError: LLM request timed out."
2026-03-18T13:41:29.379+08:00 [diagnostic] lane task error: lane=session:agent:oc_981e24884af3ed7ed6c16c5730c9bd02:main durationMs=23146 error="FailoverError: LLM request timed out."
2026-03-18T13:41:29.403+08:00 [model-fallback/decision] model fallback decision: decision=candidate_failed requested=2603/gpt-5.4 candidate=gemini/gemini-3.1-pro-preview reason=timeout next=openrouter/stepfun/step-3.5-flash:free
2026-03-18T13:41:32.035+08:00 [agent/embedded] embedded run agent end: runId=a41773a5-3542-4145-937d-4dab83e78846 isError=true model=gpt-5.4 provider=2603 error=LLM request timed out.
2026-03-18T13:41:32.073+08:00 [agent/embedded] embedded run failover decision: runId=a41773a5-3542-4145-937d-4dab83e78846 stage=assistant decision=fallback_model reason=timeout provider=2603/gpt-5.4 profile=-
2026-03-18T13:41:32.083+08:00 [diagnostic] lane task error: lane=main durationMs=25097 error="FailoverError: LLM request timed out."
2026-03-18T13:41:32.100+08:00 [diagnostic] lane task error: lane=session:agent:oc_981e24884af3ed7ed6c16c5730c9bd02:feishu:group:oc_981e24884af3ed7ed6c16c5730c9bd02 durationMs=25114 error="FailoverError: LLM request timed out."
2026-03-18T13:41:32.110+08:00 [model-fallback/decision] model fallback decision: decision=candidate_failed requested=2603/gpt-5.4 candidate=2603/gpt-5.4 reason=timeout next=gemini/gemini-3.1-pro-preview
2026-03-18T13:41:35.495+08:00 [agent/embedded] embedded run agent end: runId=a41773a5-3542-4145-937d-4dab83e78846 isError=true model=gemini-3.1-pro-preview provider=gemini error=LLM request timed out.
2026-03-18T13:41:39.040+08:00 [agent/embedded] embedded run agent end: runId=a41773a5-3542-4145-937d-4dab83e78846 isError=true model=gemini-3.1-pro-preview provider=gemini error=LLM request timed out.
2026-03-18T13:41:44.338+08:00 [agent/embedded] embedded run agent end: runId=a41773a5-3542-4145-937d-4dab83e78846 isError=true model=gemini-3.1-pro-preview provider=gemini error=LLM request timed out.
2026-03-18T13:41:53.670+08:00 [agent/embedded] embedded run agent end: runId=a41773a5-3542-4145-937d-4dab83e78846 isError=true model=gemini-3.1-pro-preview provider=gemini error=LLM request timed out.
2026-03-18T13:41:53.719+08:00 [agent/embedded] embedded run failover decision: runId=a41773a5-3542-4145-937d-4dab83e78846 stage=assistant decision=fallback_model reason=timeout provider=gemini/gemini-3.1-pro-preview profile=-
2026-03-18T13:41:53.731+08:00 [diagnostic] lane task error: lane=main durationMs=21595 error="FailoverError: LLM request timed out."
2026-03-18T13:41:53.742+08:00 [diagnostic] lane task error: lane=session:agent:oc_981e24884af3ed7ed6c16c5730c9bd02:feishu:group:oc_981e24884af3ed7ed6c16c5730c9bd02 durationMs=21612 error="FailoverError: LLM request timed out."
2026-03-18T13:41:53.754+08:00 [model-fallback/decision] model fallback decision: decision=candidate_failed requested=2603/gpt-5.4 candidate=gemini/gemini-3.1-pro-preview reason=timeout next=openrouter/stepfun/step-3.5-flash:free
2026-03-18T13:42:04.231+08:00 [tools] read failed: ENOENT: no such file or directory, access 'C:\Users\Administrator\.openclaw\workspaces\oc-981e-feishu-group\backup\backup-monitor.log'
2026-03-18T13:42:10.258+08:00 [tools] read failed: ENOENT: no such file or directory, access 'C:\Users\Administrator\.openclaw\workspaces\oc-981e-feishu-group\openclaw.json'
2026-03-18T13:42:25.621+08:00 [tools] read failed: ENOENT: no such file or directory, access 'C:\Users\Administrator\.openclaw\workspaces\oc-981e-feishu-group\scripts\backup-db.js'
2026-03-18T14:10:55.799+08:00 [diagnostic] lane task error: lane=main durationMs=17377 error="Error: session file locked (timeout 10000ms): pid=4180 C:\Users\Administrator\.openclaw\agents\oc_981e24884af3ed7ed6c16c5730c9bd02\sessions\721732b1-9a3e-4c5e-a5ff-e193f29c0546.jsonl.lock"
2026-03-18T14:10:55.811+08:00 [diagnostic] lane task error: lane=session:agent:oc_981e24884af3ed7ed6c16c5730c9bd02:main durationMs=17405 error="Error: session file locked (timeout 10000ms): pid=4180 C:\Users\Administrator\.openclaw\agents\oc_981e24884af3ed7ed6c16c5730c9bd02\sessions\721732b1-9a3e-4c5e-a5ff-e193f29c0546.jsonl.lock"
2026-03-18T14:10:55.847+08:00 [model-fallback/decision] model fallback decision: decision=candidate_failed requested=2603/gpt-5.4 candidate=2603/gpt-5.4 reason=timeout next=gemini/gemini-3.1-pro-preview
2026-03-18T14:11:08.855+08:00 [diagnostic] lane task error: lane=main durationMs=12975 error="Error: session file locked (timeout 10000ms): pid=4180 C:\Users\Administrator\.openclaw\agents\oc_981e24884af3ed7ed6c16c5730c9bd02\sessions\721732b1-9a3e-4c5e-a5ff-e193f29c0546.jsonl.lock"
2026-03-18T14:11:08.875+08:00 [diagnostic] lane task error: lane=session:agent:oc_981e24884af3ed7ed6c16c5730c9bd02:main durationMs=12999 error="Error: session file locked (timeout 10000ms): pid=4180 C:\Users\Administrator\.openclaw\agents\oc_981e24884af3ed7ed6c16c5730c9bd02\sessions\721732b1-9a3e-4c5e-a5ff-e193f29c0546.jsonl.lock"
2026-03-18T14:11:08.895+08:00 [model-fallback/decision] model fallback decision: decision=candidate_failed requested=2603/gpt-5.4 candidate=gemini/gemini-3.1-pro-preview reason=timeout next=openrouter/stepfun/step-3.5-flash:free
2026-03-18T14:11:18.112+08:00 [warn]: [ 'no im.chat.access_event.bot_p2p_chat_entered_v1 handle' ]
2026-03-18T14:11:21.530+08:00 [diagnostic] lane task error: lane=main durationMs=12609 error="Error: session file locked (timeout 10000ms): pid=4180 C:\Users\Administrator\.openclaw\agents\oc_981e24884af3ed7ed6c16c5730c9bd02\sessions\721732b1-9a3e-4c5e-a5ff-e193f29c0546.jsonl.lock"
2026-03-18T14:11:21.544+08:00 [diagnostic] lane task error: lane=session:agent:oc_981e24884af3ed7ed6c16c5730c9bd02:main durationMs=12626 error="Error: session file locked (timeout 10000ms): pid=4180 C:\Users\Administrator\.openclaw\agents\oc_981e24884af3ed7ed6c16c5730c9bd02\sessions\721732b1-9a3e-4c5e-a5ff-e193f29c0546.jsonl.lock"
2026-03-18T14:11:21.560+08:00 [model-fallback/decision] model fallback decision: decision=candidate_failed requested=2603/gpt-5.4 candidate=openrouter/stepfun/step-3.5-flash:free reason=timeout next=none
2026-03-18T14:11:21.567+08:00 Embedded agent failed before reply: All models failed (3): 2603/gpt-5.4: session file locked (timeout 10000ms): pid=4180 C:\Users\Administrator\.openclaw\agents\oc_981e24884af3ed7ed6c16c5730c9bd02\sessions\721732b1-9a3e-4c5e-a5ff-e193f29c0546.jsonl.lock (timeout) | gemini/gemini-3.1-pro-preview: session file locked (timeout 10000ms): pid=4180 C:\Users\Administrator\.openclaw\agents\oc_981e24884af3ed7ed6c16c5730c9bd02\sessions\721732b1-9a3e-4c5e-a5ff-e193f29c0546.jsonl.lock (timeout) | openrouter/stepfun/step-3.5-flash:free: session file locked (timeout 10000ms): pid=4180 C:\Users\Administrator\.openclaw\agents\oc_981e24884af3ed7ed6c16c5730c9bd02\sessions\721732b1-9a3e-4c5e-a5ff-e193f29c0546.jsonl.lock (timeout)
2026-03-18T16:59:05.358+08:00 [agent/embedded] embedded run agent end: runId=afd8618b-61e9-4b2c-9524-17312280d5c0 isError=true model=minimax/minimax-m2.5:free provider=openrouter error=404 No endpoints available matching your guardrail restrictions and data policy. Configure: https://openrouter.ai/settings/privacy
2026-03-18T17:15:45.835+08:00 [warn]: [ 'no im.chat.access_event.bot_p2p_chat_entered_v1 handle' ]
2026-03-18T17:26:38.186+08:00 [agent/embedded] embedded run agent end: runId=b210b62c-a45f-4e80-aad8-804d9a22208d isError=true model=minimax/minimax-m2.5:free provider=openrouter error=404 No endpoints available matching your guardrail restrictions and data policy. Configure: https://openrouter.ai/settings/privacy
2026-03-18T17:27:19.178+08:00 Gateway failed to start: gateway already running (pid 16800); lock timeout after 5000ms
If the gateway is supervised, stop it with: openclaw gateway stop
2026-03-18T17:27:19.406+08:00 Gateway service appears registered. Stop it first.
2026-03-18T17:27:19.410+08:00 Tip: openclaw gateway stop
2026-03-18T17:27:19.414+08:00 Or: schtasks /End /TN "OpenClaw Gateway"
2026-03-18T17:33:19.506+08:00 Gateway failed to start: gateway already running (pid 8668); lock timeout after 5000ms
If the gateway is supervised, stop it with: openclaw gateway stop
2026-03-18T17:33:19.607+08:00 Gateway service appears registered. Stop it first.
2026-03-18T17:33:19.612+08:00 Tip: openclaw gateway stop
2026-03-18T17:33:19.616+08:00 Or: schtasks /End /TN "OpenClaw Gateway"
2026-03-18T17:34:49.547+08:00 [gateway] removed stale session lock: C:\Users\Administrator\.openclaw\agents\oc_981e24884af3ed7ed6c16c5730c9bd02\sessions\c656ce41-61d8-4a67-bacc-cfdd368ca1c8.jsonl.lock (dead-pid)
2026-03-18T17:35:11.243+08:00 [agent/embedded] embedded run agent end: runId=08cad0ef-5c9e-46ca-b533-69fcc42535f9 isError=true model=minimax/minimax-m2.5:free provider=openrouter error=404 No endpoints available matching your guardrail restrictions and data policy. Configure: https://openrouter.ai/settings/privacy
2026-03-18T17:39:08.834+08:00 [reload] config change requires gateway restart (auth.profiles.openrouter:default)
2026-03-18T17:39:12.787+08:00 [reload] config change requires gateway restart (env.OPENROUTER_API_KEY)
2026-03-18T17:42:16.299+08:00 Gateway failed to start: gateway already running (pid 17964); lock timeout after 5000ms
If the gateway is supervised, stop it with: openclaw gateway stop
2026-03-18T17:42:16.465+08:00 Gateway service appears registered. Stop it first.
2026-03-18T17:42:16.471+08:00 Tip: openclaw gateway stop
2026-03-18T17:42:16.475+08:00 Or: schtasks /End /TN "OpenClaw Gateway"
2026-03-18T17:43:25.355+08:00 [agent/embedded] embedded run agent end: runId=54b70369-632e-4d4a-91b3-53f2b078ae33 isError=true model=gemini-3.1-pro-preview provider=gemini error=502 unknown provider for model gemini-3.1-pro-preview
2026-03-18T17:43:28.868+08:00 [agent/embedded] embedded run agent end: runId=54b70369-632e-4d4a-91b3-53f2b078ae33 isError=true model=gemini-3.1-pro-preview provider=gemini error=502 unknown provider for model gemini-3.1-pro-preview
2026-03-18T17:43:34.341+08:00 [agent/embedded] embedded run agent end: runId=54b70369-632e-4d4a-91b3-53f2b078ae33 isError=true model=gemini-3.1-pro-preview provider=gemini error=502 unknown provider for model gemini-3.1-pro-preview
2026-03-18T17:43:43.958+08:00 [agent/embedded] embedded run agent end: runId=54b70369-632e-4d4a-91b3-53f2b078ae33 isError=true model=gemini-3.1-pro-preview provider=gemini error=502 unknown provider for model gemini-3.1-pro-preview
2026-03-18T17:43:44.034+08:00 [agent/embedded] embedded run failover decision: runId=54b70369-632e-4d4a-91b3-53f2b078ae33 stage=assistant decision=fallback_model reason=timeout provider=gemini/gemini-3.1-pro-preview profile=-
2026-03-18T17:43:44.047+08:00 [diagnostic] lane task error: lane=main durationMs=23987 error="FailoverError: 502 unknown provider for model gemini-3.1-pro-preview"
2026-03-18T17:43:44.061+08:00 [diagnostic] lane task error: lane=session:agent:oc_981e24884af3ed7ed6c16c5730c9bd02:main durationMs=24011 error="FailoverError: 502 unknown provider for model gemini-3.1-pro-preview"
2026-03-18T17:43:44.081+08:00 [model-fallback/decision] model fallback decision: decision=candidate_failed requested=gemini/gemini-3.1-pro-preview candidate=gemini/gemini-3.1-pro-preview reason=timeout next=none
2026-03-18T17:43:44.089+08:00 Transient HTTP provider error before reply (502 unknown provider for model gemini-3.1-pro-preview). Retrying once in 2500ms.
2026-03-18T17:43:52.198+08:00 [agent/embedded] embedded run agent end: runId=54b70369-632e-4d4a-91b3-53f2b078ae33 isError=true model=gemini-3.1-pro-preview provider=gemini error=502 unknown provider for model gemini-3.1-pro-preview
2026-03-18T17:43:55.634+08:00 [agent/embedded] embedded run agent end: runId=54b70369-632e-4d4a-91b3-53f2b078ae33 isError=true model=gemini-3.1-pro-preview provider=gemini error=502 unknown provider for model gemini-3.1-pro-preview
2026-03-18T17:44:01.225+08:00 [agent/embedded] embedded run agent end: runId=54b70369-632e-4d4a-91b3-53f2b078ae33 isError=true model=gemini-3.1-pro-preview provider=gemini error=502 unknown provider for model gemini-3.1-pro-preview
2026-03-18T17:44:11.489+08:00 [agent/embedded] embedded run agent end: runId=54b70369-632e-4d4a-91b3-53f2b078ae33 isError=true model=gemini-3.1-pro-preview provider=gemini error=502 unknown provider for model gemini-3.1-pro-preview
2026-03-18T17:44:11.539+08:00 [agent/embedded] embedded run failover decision: runId=54b70369-632e-4d4a-91b3-53f2b078ae33 stage=assistant decision=fallback_model reason=timeout provider=gemini/gemini-3.1-pro-preview profile=-
2026-03-18T17:44:11.550+08:00 [diagnostic] lane task error: lane=main durationMs=24669 error="FailoverError: 502 unknown provider for model gemini-3.1-pro-preview"
2026-03-18T17:44:11.556+08:00 [diagnostic] lane task error: lane=session:agent:oc_981e24884af3ed7ed6c16c5730c9bd02:main durationMs=24686 error="FailoverError: 502 unknown provider for model gemini-3.1-pro-preview"
2026-03-18T17:44:11.569+08:00 [model-fallback/decision] model fallback decision: decision=candidate_failed requested=gemini/gemini-3.1-pro-preview candidate=gemini/gemini-3.1-pro-preview reason=timeout next=none
2026-03-18T17:44:11.575+08:00 Embedded agent failed before reply: 502 unknown provider for model gemini-3.1-pro-preview
2026-03-18T17:44:12.080+08:00 [agent/embedded] embedded run agent end: runId=bf5d6ce9-37c8-4b84-8117-88603d495c56 isError=true model=gemini-3.1-pro-preview provider=gemini error=502 unknown provider for model gemini-3.1-pro-preview
2026-03-18T17:44:15.669+08:00 [agent/embedded] embedded run agent end: runId=bf5d6ce9-37c8-4b84-8117-88603d495c56 isError=true model=gemini-3.1-pro-preview provider=gemini error=502 unknown provider for model gemini-3.1-pro-preview
2026-03-18T17:44:21.531+08:00 [agent/embedded] embedded run agent end: runId=bf5d6ce9-37c8-4b84-8117-88603d495c56 isError=true model=gemini-3.1-pro-preview provider=gemini error=502 unknown provider for model gemini-3.1-pro-preview
2026-03-18T17:44:31.064+08:00 [agent/embedded] embedded run agent end: runId=bf5d6ce9-37c8-4b84-8117-88603d495c56 isError=true model=gemini-3.1-pro-preview provider=gemini error=502 unknown provider for model gemini-3.1-pro-preview
2026-03-18T17:44:31.119+08:00 [agent/embedded] embedded run failover decision: runId=bf5d6ce9-37c8-4b84-8117-88603d495c56 stage=assistant decision=fallback_model reason=timeout provider=gemini/gemini-3.1-pro-preview profile=-
2026-03-18T17:44:31.128+08:00 [diagnostic] lane task error: lane=main durationMs=21795 error="FailoverError: 502 unknown provider for model gemini-3.1-pro-preview"
2026-03-18T17:44:31.131+08:00 [diagnostic] lane task error: lane=session:agent:oc_981e24884af3ed7ed6c16c5730c9bd02:feishu:group:oc_981e24884af3ed7ed6c16c5730c9bd02 durationMs=21815 error="FailoverError: 502 unknown provider for model gemini-3.1-pro-preview"
2026-03-18T17:44:31.141+08:00 [model-fallback/decision] model fallback decision: decision=candidate_failed requested=gemini/gemini-3.1-pro-preview candidate=gemini/gemini-3.1-pro-preview reason=timeout next=none
2026-03-18T17:44:31.144+08:00 Transient HTTP provider error before reply (502 unknown provider for model gemini-3.1-pro-preview). Retrying once in 2500ms.
2026-03-18T17:44:35.151+08:00 [agent/embedded] embedded run agent end: runId=bf5d6ce9-37c8-4b84-8117-88603d495c56 isError=true model=gemini-3.1-pro-preview provider=gemini error=502 unknown provider for model gemini-3.1-pro-preview
2026-03-18T17:44:38.790+08:00 [agent/embedded] embedded run agent end: runId=bf5d6ce9-37c8-4b84-8117-88603d495c56 isError=true model=gemini-3.1-pro-preview provider=gemini error=502 unknown provider for model gemini-3.1-pro-preview
2026-03-18T17:44:44.459+08:00 [agent/embedded] embedded run agent end: runId=bf5d6ce9-37c8-4b84-8117-88603d495c56 isError=true model=gemini-3.1-pro-preview provider=gemini error=502 unknown provider for model gemini-3.1-pro-preview
2026-03-18T17:44:54.002+08:00 [agent/embedded] embedded run agent end: runId=bf5d6ce9-37c8-4b84-8117-88603d495c56 isError=true model=gemini-3.1-pro-preview provider=gemini error=502 unknown provider for model gemini-3.1-pro-preview
2026-03-18T17:44:54.068+08:00 [agent/embedded] embedded run failover decision: runId=bf5d6ce9-37c8-4b84-8117-88603d495c56 stage=assistant decision=fallback_model reason=timeout provider=gemini/gemini-3.1-pro-preview profile=-
2026-03-18T17:44:54.075+08:00 [diagnostic] lane task error: lane=main durationMs=20395 error="FailoverError: 502 unknown provider for model gemini-3.1-pro-preview"
2026-03-18T17:44:54.078+08:00 [diagnostic] lane task error: lane=session:agent:oc_981e24884af3ed7ed6c16c5730c9bd02:feishu:group:oc_981e24884af3ed7ed6c16c5730c9bd02 durationMs=20407 error="FailoverError: 502 unknown provider for model gemini-3.1-pro-preview"
2026-03-18T17:44:54.085+08:00 [model-fallback/decision] model fallback decision: decision=candidate_failed requested=gemini/gemini-3.1-pro-preview candidate=gemini/gemini-3.1-pro-preview reason=timeout next=none
2026-03-18T17:44:54.090+08:00 Embedded agent failed before reply: 502 unknown provider for model gemini-3.1-pro-preview
2026-03-18T17:45:40.775+08:00 [reload] config change requires gateway restart (auth.profiles.google-gemini-cli:default, auth.profiles.google:default)
2026-03-18T17:45:48.089+08:00 [reload] config change requires gateway restart (plugins.allow, plugins.entries.google-gemini-cli-auth)
2026-03-18T18:05:14.431+08:00 Gateway failed to start: gateway already running (pid 11156); lock timeout after 5000ms
If the gateway is supervised, stop it with: openclaw gateway stop
2026-03-18T18:05:14.555+08:00 Gateway service appears registered. Stop it first.
2026-03-18T18:05:14.559+08:00 Tip: openclaw gateway stop
2026-03-18T18:05:14.563+08:00 Or: schtasks /End /TN "OpenClaw Gateway"
2026-03-18T18:09:46.115+08:00 Gateway failed to start: gateway already running (pid 12560); lock timeout after 5000ms
If the gateway is supervised, stop it with: openclaw gateway stop
2026-03-18T18:09:46.402+08:00 Port 18789 is already in use.
2026-03-18T18:09:46.408+08:00 - pid 12560: "C:\Program Files\nodejs\node.exe"  C:\Users\Administrator\AppData\Roaming\npm\node_modules\openclaw\dist\index.js gateway --port 18789 (127.0.0.1:18789)
2026-03-18T18:09:46.412+08:00 - Gateway already running locally. Stop it (openclaw gateway stop) or use a different port.
2026-03-18T18:09:46.460+08:00 Gateway service appears registered. Stop it first.
2026-03-18T18:09:46.463+08:00 Tip: openclaw gateway stop
2026-03-18T18:09:46.467+08:00 Or: schtasks /End /TN "OpenClaw Gateway"
2026-03-18T19:47:13.328+08:00 Gateway failed to start: gateway already running (pid 12560); lock timeout after 5000ms
If the gateway is supervised, stop it with: openclaw gateway stop
2026-03-18T19:47:13.420+08:00 Gateway service appears registered. Stop it first.
2026-03-18T19:47:13.427+08:00 Tip: openclaw gateway stop
2026-03-18T19:47:13.432+08:00 Or: schtasks /End /TN "OpenClaw Gateway"
2026-03-18T19:47:53.276+08:00 [gateway] removed stale session lock: C:\Users\Administrator\.openclaw\agents\oc_981e24884af3ed7ed6c16c5730c9bd02\sessions\721732b1-9a3e-4c5e-a5ff-e193f29c0546.jsonl.lock (dead-pid)
2026-03-18T19:47:53.297+08:00 [gateway] removed stale session lock: C:\Users\Administrator\.openclaw\agents\oc_981e24884af3ed7ed6c16c5730c9bd02\sessions\c656ce41-61d8-4a67-bacc-cfdd368ca1c8.jsonl.lock (dead-pid)
2026-03-18T19:58:27.908+08:00 [warn]: [ 'no im.chat.access_event.bot_p2p_chat_entered_v1 handle' ]
2026-03-18T20:01:51.563+08:00 [tools] browser failed: timed out. Restart the OpenClaw gateway (OpenClaw.app menubar, or `openclaw gateway`). Do NOT retry the browser tool — it will keep failing. Use an alternative approach or inform the user that the browser is currently unavailable.
2026-03-18T20:03:23.085+08:00 [ws] unauthorized conn=3d3e3c3d-76a0-48ce-9f2c-fff8f5fec320 remote=127.0.0.1 client=cli probe vdev reason=token_mismatch
2026-03-18T20:03:23.114+08:00 [ws] closed before connect conn=3d3e3c3d-76a0-48ce-9f2c-fff8f5fec320 remote=127.0.0.1 fwd=n/a origin=n/a host=127.0.0.1:18789 ua=n/a code=1008 reason=connect failed
2026-03-18T20:03:24.125+08:00 [ws] unauthorized conn=00d91b5d-eebf-4b24-98ce-35f43630f9d3 remote=127.0.0.1 client=cli probe vdev reason=token_mismatch
2026-03-18T20:03:24.135+08:00 [ws] closed before connect conn=00d91b5d-eebf-4b24-98ce-35f43630f9d3 remote=127.0.0.1 fwd=n/a origin=n/a host=127.0.0.1:18789 ua=n/a code=1008 reason=connect failed
2026-03-18T20:03:52.768+08:00 [reload] config change requires gateway restart (gateway.auth.token) — deferring until 2 operation(s), 1 embedded run(s) complete
2026-03-18T20:05:56.966+08:00 Gateway failed to start: gateway already running (pid 3316); lock timeout after 5000ms
If the gateway is supervised, stop it with: openclaw gateway stop
2026-03-18T20:05:57.056+08:00 Gateway service appears registered. Stop it first.
2026-03-18T20:05:57.061+08:00 Tip: openclaw gateway stop
2026-03-18T20:05:57.065+08:00 Or: schtasks /End /TN "OpenClaw Gateway"
2026-03-18T20:07:27.305+08:00 [gateway] removed stale session lock: C:\Users\Administrator\.openclaw\agents\oc_981e24884af3ed7ed6c16c5730c9bd02\sessions\721732b1-9a3e-4c5e-a5ff-e193f29c0546.jsonl.lock (dead-pid)
2026-03-18T20:08:21.179+08:00 [tools] browser failed: timed out. Restart the OpenClaw gateway (OpenClaw.app menubar, or `openclaw gateway`). Do NOT retry the browser tool — it will keep failing. Use an alternative approach or inform the user that the browser is currently unavailable.
2026-03-18T20:11:36.853+08:00 [agent/embedded] embedded run agent end: runId=265e7d5c-865d-4c63-86ae-5462c1ce64b1 isError=true model=gpt-5.4 provider=2603 error=500 empty_stream: upstream stream closed before first payload
2026-03-18T20:15:44.401+08:00 [ws] handshake timeout conn=c7f3245d-d4ab-4854-ac34-dda6fe3c676a remote=127.0.0.1
2026-03-18T20:15:53.530+08:00 [ws] closed before connect conn=c7f3245d-d4ab-4854-ac34-dda6fe3c676a remote=127.0.0.1 fwd=n/a origin=n/a host=127.0.0.1:18789 ua=n/a code=1006 reason=n/a
2026-03-18T20:17:59.578+08:00 Gateway failed to start: gateway already running (pid 12200); lock timeout after 5000ms
If the gateway is supervised, stop it with: openclaw gateway stop
2026-03-18T20:17:59.676+08:00 Gateway service appears registered. Stop it first.
2026-03-18T20:17:59.681+08:00 Tip: openclaw gateway stop
2026-03-18T20:17:59.684+08:00 Or: schtasks /End /TN "OpenClaw Gateway"
2026-03-18T20:18:21.380+08:00 [gateway] removed stale session lock: C:\Users\Administrator\.openclaw\agents\oc_981e24884af3ed7ed6c16c5730c9bd02\sessions\721732b1-9a3e-4c5e-a5ff-e193f29c0546.jsonl.lock (dead-pid)
2026-03-18T20:18:53.590+08:00 [ws] handshake timeout conn=e79ce846-8956-4035-9477-2feb0da288f7 remote=127.0.0.1
2026-03-18T20:19:03.438+08:00 [ws] closed before connect conn=e79ce846-8956-4035-9477-2feb0da288f7 remote=127.0.0.1 fwd=n/a origin=n/a host=127.0.0.1:18789 ua=n/a code=1006 reason=n/a
2026-03-18T20:24:27.646+08:00 Gateway failed to start: gateway already running (pid 6276); lock timeout after 5000ms
If the gateway is supervised, stop it with: openclaw gateway stop
2026-03-18T20:24:27.760+08:00 Gateway service appears registered. Stop it first.
2026-03-18T20:24:27.764+08:00 Tip: openclaw gateway stop
2026-03-18T20:24:27.768+08:00 Or: schtasks /End /TN "OpenClaw Gateway"
2026-03-19T08:55:25.680+08:00 Gateway failed to start: gateway already running (pid 9040); lock timeout after 5000ms
If the gateway is supervised, stop it with: openclaw gateway stop
2026-03-19T08:55:25.785+08:00 Gateway service appears registered. Stop it first.
2026-03-19T08:55:25.791+08:00 Tip: openclaw gateway stop
2026-03-19T08:55:25.796+08:00 Or: schtasks /End /TN "OpenClaw Gateway"
2026-03-19T08:57:25.340+08:00 [gateway] removed stale session lock: C:\Users\Administrator\.openclaw\agents\oc_981e24884af3ed7ed6c16c5730c9bd02\sessions\8928ba6a-3301-4ab9-883e-2e6b5c833497.jsonl.lock (dead-pid)
2026-03-19T09:00:00.120+08:00 [cron] payload.model 'siliconflow/Qwen/Qwen3-30B-A3B-Instruct-2507' not allowed, falling back to agent defaults
2026-03-19T09:15:37.598+08:00 [tools] browser failed: timed out. Restart the OpenClaw gateway (OpenClaw.app menubar, or `openclaw gateway`). Do NOT retry the browser tool — it will keep failing. Use an alternative approach or inform the user that the browser is currently unavailable.
2026-03-19T09:21:02.653+08:00 [ws] handshake timeout conn=d8cd80d5-8815-4e44-b9df-17d02fdbd80a remote=127.0.0.1
2026-03-19T09:21:02.682+08:00 [ws] handshake timeout conn=a4b1c9ac-45be-4037-93fc-c212c885856f remote=127.0.0.1
2026-03-19T09:21:21.265+08:00 [ws] closed before connect conn=a4b1c9ac-45be-4037-93fc-c212c885856f remote=127.0.0.1 fwd=n/a origin=n/a host=127.0.0.1:18789 ua=n/a code=1000 reason=n/a
2026-03-19T09:21:21.269+08:00 [ws] closed before connect conn=d8cd80d5-8815-4e44-b9df-17d02fdbd80a remote=127.0.0.1 fwd=n/a origin=n/a host=127.0.0.1:18789 ua=n/a code=1000 reason=n/a
2026-03-19T09:36:04.726+08:00 [tools] read failed: ENOENT: no such file or directory, access 'C:\Users\Administrator\.openclaw\workspaces\oc-981e-feishu-group\.gitignore'
2026-03-19T09:44:53.222+08:00 [ws] handshake timeout conn=c8211f7f-faf0-4bcf-bcf1-cd74298e7159 remote=127.0.0.1
2026-03-19T09:44:53.240+08:00 [ws] handshake timeout conn=9f66f921-ed2c-488d-b519-c784a3d3223a remote=127.0.0.1
2026-03-19T09:45:12.658+08:00 [ws] closed before connect conn=c8211f7f-faf0-4bcf-bcf1-cd74298e7159 remote=127.0.0.1 fwd=n/a origin=n/a host=127.0.0.1:18789 ua=n/a code=1000 reason=n/a
2026-03-19T09:45:12.726+08:00 [ws] closed before connect conn=9f66f921-ed2c-488d-b519-c784a3d3223a remote=127.0.0.1 fwd=n/a origin=n/a host=127.0.0.1:18789 ua=n/a code=1000 reason=n/a
2026-03-19T09:55:37.741+08:00 Gateway failed to start: gateway already running (pid 17720); lock timeout after 5000ms
If the gateway is supervised, stop it with: openclaw gateway stop
2026-03-19T09:55:38.019+08:00 Gateway service appears registered. Stop it first.
2026-03-19T09:55:38.023+08:00 Tip: openclaw gateway stop
2026-03-19T09:55:38.027+08:00 Or: schtasks /End /TN "OpenClaw Gateway"
2026-03-19T09:56:55.449+08:00 [gateway] removed stale session lock: C:\Users\Administrator\.openclaw\agents\oc_981e24884af3ed7ed6c16c5730c9bd02\sessions\8928ba6a-3301-4ab9-883e-2e6b5c833497.jsonl.lock (dead-pid)
2026-03-19T09:57:33.576+08:00 [tools] browser failed: timed out. Restart the OpenClaw gateway (OpenClaw.app menubar, or `openclaw gateway`). Do NOT retry the browser tool — it will keep failing. Use an alternative approach or inform the user that the browser is currently unavailable.
2026-03-19T09:57:35.110+08:00 [tools] browser failed: timed out. Restart the OpenClaw gateway (OpenClaw.app menubar, or `openclaw gateway`). Do NOT retry the browser tool — it will keep failing. Use an alternative approach or inform the user that the browser is currently unavailable.
2026-03-19T09:57:47.129+08:00 [tools] browser failed: timed out. Restart the OpenClaw gateway (OpenClaw.app menubar, or `openclaw gateway`). Do NOT retry the browser tool — it will keep failing. Use an alternative approach or inform the user that the browser is currently unavailable.
2026-03-19T09:59:25.464+08:00 [tools] read failed: ENOENT: no such file or directory, access 'C:\Users\Administrator\.openclaw\workspaces\oc-981e-feishu-group\tmp_shopee_jina.txt'
